iso2_d,region_o,p
AD,1,0.0
AE,1,0.1141
AL,1,0.0002
AM,1,0.6598
AO,1,0.0041
AR,1,0.0
AT,1,0.0
AU,1,0.0004
AW,1,0.0164
AZ,1,0.002
BA,1,0.0
BB,1,0.1573
BD,1,0.0142
BE,1,0.0
BF,1,0.9997
BG,1,0.0
BH,1,0.5478
BJ,1,0.9593
BM,1,0.4578
BN,1,0.0274
BO,1,0.034
BR,1,0.0022
BS,1,0.406
BW,1,0.7908
BY,1,0.0486
CA,1,0.0002
CD,1,0.0122
CG,1,0.7506
CH,1,0.0
CI,1,0.9992
CL,1,0.0
CM,1,0.876
CN,1,0.0
CO,1,0.0004
CR,1,0.1626
CU,1,0.0001
CV,1,0.0
CW,1,0.9649
CY,1,0.0
CZ,1,0.0
DE,1,0.0
DJ,1,0.9391
DK,1,0.0034
DO,1,0.0
DZ,1,0.0
EC,1,0.4643
EE,1,0.0007
EG,1,0.1695
ET,1,0.9983
FI,1,0.0027
FR,1,0.0
GA,1,0.0
GB,1,0.0
GE,1,0.0097
GH,1,0.9473
GI,1,0.0
GM,1,0.9303
GN,1,0.9921
GQ,1,0.3451
GR,1,0.0
GT,1,0.0
GU,1,0.648
GW,1,0.1964
HK,1,0.0
HN,1,0.7682
HR,1,0.0
HT,1,0.4239
HU,1,0.0
ID,1,0.0004
IE,1,0.0
IL,1,0.0
IN,1,0.0
IQ,1,0.0706
IR,1,0.0343
IS,1,0.0006
IT,1,0.0
JM,1,0.0425
JO,1,0.1391
JP,1,0.0
KE,1,0.999
KG,1,1.0
KH,1,0.0725
KR,1,0.0
KW,1,0.0007
KY,1,0.9605
KZ,1,0.0
LB,1,0.0398
LC,1,0.8835
LI,1,0.7941
LK,1,0.9574
LT,1,0.0
LU,1,0.0
LV,1,0.0
LY,1,0.0
MA,1,0.0
MD,1,0.0
ME,1,0.3195
MG,1,0.3467
MK,1,0.8975
ML,1,0.9987
MM,1,0.0002
MN,1,0.0
MO,1,0.0
MR,1,0.0
MT,1,0.0
MU,1,0.0
MV,1,0.2441
MX,1,0.0
MY,1,0.5296
MZ,1,0.9995
NA,1,0.0
NC,1,0.391
NE,1,0.8972
NG,1,1.0
NI,1,0.0001
NL,1,0.0
NO,1,0.016
NP,1,0.6581
NZ,1,0.169
OM,1,0.5649
PA,1,0.0
PE,1,0.0046
PF,1,0.3173
PH,1,0.098
PK,1,0.0316
PL,1,0.0
PS,1,0.0089
PT,1,0.0
PY,1,0.9695
QA,1,0.9347
QR,1,0.993
QS,1,0.7518
QV,1,0.9005
QW,1,0.9995
RO,1,0.0
RU,1,0.0202
RW,1,0.7124
SA,1,0.0
SC,1,0.8189
SD,1,0.0414
SE,1,0.0053
SG,1,0.0006
SI,1,0.0
SK,1,0.0
SM,1,0.6542
SN,1,0.0072
SR,1,1.0
SV,1,0.0042
SX,1,0.428
TG,1,0.2677
TH,1,0.0053
TM,1,0.6826
TN,1,0.0091
TR,1,0.0
TT,1,0.0168
TW,1,0.0
TZ,1,0.818
UA,1,0.0084
UG,1,0.9944
US,1,0.0
UY,1,0.0532
UZ,1,0.567
VE,1,0.6129
VN,1,0.4995
XK,1,0.9477
XS,1,0.0
YE,1,0.5912
ZA,1,0.0
ZM,1,0.6069
ZW,1,0.0
AD,2,0.0
AE,2,0.0
AG,2,0.612
AL,2,0.0511
AM,2,0.073
AO,2,0.0
AR,2,0.0928
AT,2,0.0
AU,2,0.0
AZ,2,0.6385
BA,2,0.0
BB,2,0.5633
BD,2,0.7612
BE,2,0.0
BF,2,0.7165
BG,2,0.0
BH,2,0.2699
BJ,2,0.9191
BM,2,0.0
BO,2,0.999
BR,2,0.1133
BS,2,0.9248
BW,2,0.3501
BY,2,0.0
CA,2,0.1934
CD,2,0.5384
CF,2,0.9097
CG,2,0.0032
CH,2,0.0005
CI,2,0.0
CL,2,0.8972
CM,2,0.0
CN,2,0.0
CO,2,0.0
CR,2,0.2639
CU,2,0.0
CV,2,0.2455
CW,2,0.9937
CY,2,0.0002
CZ,2,0.0
DE,2,0.0
DK,2,0.0
DO,2,0.7916
DZ,2,0.99
EC,2,0.8251
EE,2,0.0
EG,2,0.0041
ET,2,0.1081
FI,2,0.0
FR,2,0.0
GA,2,0.004
GB,2,0.0
GE,2,0.8818
GH,2,0.9425
GI,2,0.0
GM,2,0.9971
GN,2,0.9726
GQ,2,0.0619
GR,2,0.0
GT,2,0.6531
GW,2,0.0102
GY,2,1.0
HK,2,0.5945
HN,2,0.9953
HR,2,0.0003
HU,2,0.0
ID,2,0.68
IE,2,0.0
IL,2,0.0006
IN,2,0.9529
IQ,2,0.9194
IR,2,0.8933
IS,2,0.7415
IT,2,0.0
JM,2,0.9603
JO,2,0.0
JP,2,0.0
KE,2,0.1627
KG,2,1.0
KH,2,0.3767
KR,2,0.033
KW,2,0.0018
KY,2,0.7727
KZ,2,0.3093
LB,2,0.1846
LC,2,0.6253
LK,2,0.7677
LT,2,0.0
LU,2,0.0005
LV,2,0.0
LY,2,1.0
MA,2,0.0
MD,2,0.0
ME,2,0.9074
MG,2,0.9992
MK,2,0.9551
ML,2,0.9874
MM,2,0.8922
MN,2,0.7913
MO,2,0.4568
MR,2,0.0
MT,2,0.0
MU,2,0.0
MX,2,0.0121
MY,2,0.9273
MZ,2,0.9808
NA,2,0.403
NC,2,0.9863
NG,2,0.0
NI,2,0.9972
NL,2,0.0
NO,2,0.104
NZ,2,0.8874
OM,2,0.6557
PA,2,0.873
PE,2,0.9999
PF,2,0.9316
PH,2,0.9983
PK,2,0.9821
PL,2,0.0
PT,2,0.0
PY,2,0.4249
QA,2,0.9776
QV,2,0.0
RO,2,0.0274
RU,2,0.0008
SA,2,0.9731
SE,2,0.0
SG,2,0.0302
SI,2,0.0
SK,2,0.0
SN,2,0.1408
SV,2,0.0001
SY,2,0.0
SZ,2,1.0
TD,2,0.0832
TG,2,0.899
TH,2,1.0
TM,2,0.3207
TN,2,0.0
TO,2,0.8844
TR,2,0.8995
TT,2,0.0647
TW,2,0.8678
TZ,2,0.6831
UA,2,0.0038
UG,2,0.8889
US,2,0.0301
UY,2,0.2466
UZ,2,0.8845
VA,2,0.1743
VE,2,0.0007
VG,2,0.0817
VN,2,0.0001
XS,2,0.0
ZA,2,0.0
ZM,2,0.8268
AD,3,0.9994
AE,3,0.9952
AF,3,0.6166
AG,3,0.1803
AL,3,0.1026
AM,3,0.9703
AO,3,0.9387
AQ,3,0.5702
AR,3,0.0
AT,3,0.999
AU,3,1.0
AW,3,0.1624
AZ,3,0.9988
BA,3,0.0
BB,3,0.6512
BD,3,0.2541
BE,3,0.0562
BF,3,0.8493
BG,3,0.9994
BH,3,0.9857
BI,3,0.5496
BJ,3,0.0377
BL,3,0.2289
BM,3,0.0203
BN,3,0.9813
BO,3,0.7393
BR,3,0.1715
BS,3,0.005
BY,3,0.5513
CA,3,0.0381
CD,3,0.908
CF,3,0.9223
CG,3,0.7655
CH,3,0.1941
CI,3,0.0
CL,3,0.9964
CM,3,0.0893
CN,3,0.9979
CO,3,0.0292
CR,3,0.9121
CU,3,0.0
CV,3,0.0105
CW,3,0.1748
CY,3,0.9822
CZ,3,0.0
DE,3,0.0583
DJ,3,0.6837
DK,3,1.0
DO,3,0.895
DZ,3,0.273
EC,3,0.9517
EE,3,0.9819
EG,3,0.0071
ER,3,0.0
ET,3,0.751
FI,3,0.2976
FJ,3,0.9165
FK,3,0.6869
FO,3,0.0017
FR,3,0.0
GA,3,0.6447
GB,3,0.9935
GE,3,0.0199
GH,3,0.2425
GI,3,0.9119
GL,3,0.3515
GM,3,0.6408
GN,3,0.9962
GQ,3,0.9997
GR,3,0.9986
GT,3,0.9958
GW,3,0.0169
GY,3,0.4416
HK,3,0.9703
HN,3,0.6119
HR,3,0.0
HT,3,0.6722
HU,3,0.6315
ID,3,0.998
IE,3,0.2329
IL,3,1.0
IN,3,0.9989
IQ,3,0.0574
IR,3,0.9986
IS,3,0.7898
IT,3,0.0
JM,3,0.0002
JO,3,0.9524
JP,3,1.0
KE,3,0.0178
KG,3,0.0245
KH,3,0.1576
KN,3,0.753
KP,3,0.632
KR,3,1.0
KW,3,0.849
KY,3,0.0656
KZ,3,0.9526
LB,3,0.9879
LC,3,0.3993
LI,3,0.0929
LK,3,0.9478
LR,3,0.769
LS,3,0.5258
LT,3,0.7682
LU,3,0.0562
LV,3,1.0
LY,3,0.8309
MA,3,0.9742
MD,3,0.7145
ME,3,0.6305
MG,3,0.1365
MH,3,0.5269
MK,3,0.0004
ML,3,0.286
MM,3,0.2037
MN,3,0.0447
MO,3,0.9999
MR,3,0.0243
MT,3,1.0
MU,3,0.6547
MV,3,0.8802
MX,3,0.2626
MY,3,0.8801
MZ,3,0.8086
NA,3,0.9997
NC,3,0.9742
NE,3,0.0003
NG,3,0.7769
NI,3,0.0117
NL,3,0.6993
NO,3,0.0058
NP,3,0.5471
NZ,3,0.9954
OM,3,0.994
PA,3,1.0
PE,3,0.7564
PF,3,0.8905
PG,3,0.2302
PH,3,0.9915
PK,3,0.5607
PL,3,0.9918
PM,3,1.0
PT,3,0.0
PY,3,0.9668
QA,3,0.0681
QR,3,0.9246
QS,3,0.9926
QV,3,0.9952
QW,3,0.9927
RO,3,0.0
RU,3,1.0
RW,3,0.7026
SA,3,0.003
SC,3,1.0
SD,3,0.0
SE,3,1.0
SG,3,1.0
SI,3,0.9958
SK,3,0.9996
SL,3,0.6407
SM,3,1.0
SN,3,0.9384
SO,3,0.7746
SR,3,0.3918
ST,3,0.0155
SV,3,0.3612
SX,3,0.4044
SY,3,0.5923
SZ,3,0.4
TD,3,0.1741
TG,3,0.15
TH,3,0.9906
TJ,3,0.4196
TN,3,1.0
TR,3,1.0
TT,3,0.4834
TW,3,1.0
TZ,3,0.5386
UA,3,0.999
UG,3,0.9266
US,3,0.9994
UY,3,0.9486
UZ,3,0.9996
VE,3,0.0
VG,3,0.3824
VI,3,1.0
VN,3,0.71
XK,3,0.9366
XS,3,0.0029
YE,3,0.828
ZA,3,0.8807
ZM,3,0.0861
ZW,3,0.0
AD,4,0.0
AE,4,0.0
AF,4,0.4677
AL,4,0.0737
AM,4,0.0
AO,4,0.0986
AR,4,0.0
AT,4,0.0
AU,4,0.0
AW,4,0.3841
AZ,4,1.0
BA,4,0.8923
BB,4,1.0
BE,4,0.0
BF,4,0.9984
BG,4,0.0
BH,4,0.1789
BJ,4,0.4891
BN,4,0.3511
BO,4,0.9991
BR,4,0.0
BY,4,0.6651
CA,4,0.0
CD,4,0.0056
CG,4,0.9949
CH,4,0.0
CI,4,0.9988
CL,4,0.0021
CM,4,0.9523
CN,4,0.0
CO,4,1.0
CR,4,0.9126
CU,4,0.9489
CV,4,0.0
CW,4,0.0
CY,4,0.9905
CZ,4,0.0
DE,4,0.0
DK,4,0.0
DO,4,0.0039
DZ,4,0.4864
EC,4,0.4379
EE,4,0.0
EG,4,0.1201
ER,4,0.8034
ET,4,0.229
FI,4,0.0
FR,4,0.0
GA,4,0.133
GB,4,0.0
GE,4,0.3586
GH,4,0.9999
GI,4,0.0
GM,4,0.9996
GN,4,0.9949
GQ,4,0.9899
GR,4,1.0
GT,4,0.9726
GW,4,0.0317
HK,4,0.0
HN,4,0.9293
HR,4,0.0
HT,4,0.6564
HU,4,1.0
ID,4,0.5531
IE,4,0.0
IL,4,0.0003
IN,4,0.0317
IQ,4,0.0
IR,4,0.9495
IS,4,0.9968
IT,4,0.066
JM,4,0.72
JO,4,0.8571
JP,4,0.0073
KE,4,0.3849
KR,4,0.0002
KW,4,0.0007
KZ,4,0.8077
LB,4,0.001
LC,4,1.0
LI,4,0.9095
LK,4,0.9492
LR,4,0.0
LT,4,0.0
LU,4,0.0
LV,4,0.0
LY,4,0.0001
MA,4,0.8281
MD,4,0.0
ME,4,0.7026
MG,4,0.3379
MK,4,0.7272
ML,4,1.0
MN,4,0.5586
MR,4,0.0007
MT,4,1.0
MU,4,0.9472
MV,4,0.0031
MX,4,0.0002
MY,4,0.0005
MZ,4,0.4625
NC,4,0.0021
NE,4,0.0
NG,4,1.0
NI,4,0.0323
NL,4,0.0
NO,4,0.0
NZ,4,0.7514
OM,4,0.5932
PA,4,0.9972
PE,4,0.8611
PF,4,0.8452
PH,4,0.0
PK,4,0.0051
PL,4,0.027
PT,4,0.0076
PY,4,0.3333
QA,4,0.0
QR,4,0.3637
QS,4,0.1407
RO,4,0.0
RU,4,0.0
SA,4,0.0024
SE,4,0.0
SG,4,0.0
SI,4,0.0023
SK,4,0.0
SL,4,0.8466
SN,4,1.0
SO,4,0.0
SR,4,0.7276
SV,4,0.9987
SX,4,0.7026
SY,4,0.9194
TG,4,0.913
TH,4,0.0
TN,4,0.0
TR,4,0.0
TW,4,0.0
TZ,4,0.1711
UA,4,0.0
UG,4,0.4789
US,4,0.0
UY,4,0.0885
UZ,4,0.8212
VE,4,0.0764
VN,4,0.0011
XK,4,0.0
XS,4,0.9934
YE,4,0.0484
ZA,4,0.0
ZM,4,0.8167
AD,5,0.0217
AE,5,0.0465
AR,5,0.4261
AU,5,0.8906
AZ,5,0.2904
BE,5,0.0
BH,5,0.3801
BJ,5,0.7211
BO,5,0.6991
BR,5,0.9995
CA,5,0.9086
CD,5,0.018
CG,5,0.611
CH,5,0.969
CI,5,0.7667
CL,5,0.0
CM,5,0.0
CN,5,0.586
CO,5,0.4687
CR,5,0.8558
CU,5,0.7404
CV,5,0.5862
CY,5,0.2828
CZ,5,0.191
DE,5,0.0
DK,5,0.0
DO,5,0.0035
DZ,5,0.9944
EE,5,0.2848
EG,5,0.9864
FI,5,0.1644
FR,5,0.0
GA,5,0.2945
GB,5,0.0106
GH,5,0.6209
GI,5,0.6644
GN,5,0.9577
GQ,5,0.0
HK,5,0.4838
HR,5,0.0
ID,5,0.8391
IE,5,0.3516
IL,5,0.8379
IN,5,0.7109
IQ,5,1.0
IT,5,0.0
JO,5,0.9641
JP,5,0.0095
KR,5,0.9439
KW,5,0.9599
LB,5,0.7643
LK,5,0.8133
LV,5,0.4296
LY,5,0.9959
MA,5,0.0
MK,5,0.2063
ML,5,0.9724
MO,5,0.0026
MR,5,0.7088
MT,5,0.8877
MV,5,0.9033
MX,5,0.0219
NE,5,0.0
NG,5,0.9196
NI,5,0.9728
NL,5,0.0
PA,5,0.7039
PE,5,0.0
PH,5,0.8111
PK,5,0.4911
PL,5,0.0
PS,5,0.3629
PT,5,0.0
PY,5,0.9995
QA,5,0.991
RU,5,0.0314
SA,5,1.0
SE,5,0.2038
SG,5,0.0032
SK,5,0.1256
SM,5,0.0
SN,5,0.8326
TH,5,0.3004
TR,5,0.436
TW,5,0.1388
US,5,0.0062
UY,5,0.4227
VE,5,1.0
VN,5,1.0
YE,5,0.0972
ZA,5,0.9894
AD,6,0.0021
AE,6,0.0
AG,6,0.0
AL,6,0.0099
AO,6,0.0
AR,6,0.3223
AT,6,0.0
AU,6,0.1906
AW,6,0.0
AZ,6,0.486
BA,6,0.3403
BB,6,0.0
BD,6,0.44
BE,6,0.0
BF,6,0.0111
BG,6,0.0
BH,6,0.9998
BJ,6,0.7808
BO,6,0.558
BR,6,0.0
BS,6,0.1838
BY,6,0.1324
CA,6,0.0
CG,6,0.0602
CH,6,0.0
CI,6,0.0
CL,6,0.0
CM,6,0.0453
CN,6,0.0
CO,6,0.0
CR,6,0.0
CU,6,0.0086
CV,6,0.0
CW,6,0.4928
CY,6,0.0
CZ,6,0.0
DE,6,0.0
DK,6,0.0
DO,6,0.0108
DZ,6,0.0
EC,6,0.567
EE,6,0.0012
EG,6,0.0
FI,6,0.0
FR,6,0.0
GA,6,0.0002
GB,6,0.0
GE,6,0.9992
GH,6,0.1978
GI,6,0.2603
GM,6,0.5876
GN,6,0.8517
GQ,6,0.9801
GR,6,0.0
GT,6,0.0
GW,6,0.0
HK,6,0.0064
HN,6,0.1936
HR,6,0.0
HU,6,0.0
ID,6,0.8306
IE,6,0.0
IL,6,0.5205
IN,6,0.998
IR,6,0.7003
IS,6,0.129
IT,6,0.0
JM,6,0.9341
JO,6,0.7446
JP,6,0.0
KE,6,0.2412
KH,6,0.578
KM,6,0.1642
KR,6,0.7313
KW,6,0.344
KZ,6,0.7226
LB,6,0.9836
LC,6,0.9482
LK,6,0.8449
LR,6,0.0022
LT,6,0.0
LU,6,0.0
LV,6,0.0
LY,6,0.9174
MA,6,0.0
MD,6,0.9454
MG,6,0.0
MK,6,0.3792
ML,6,1.0
MO,6,0.3198
MR,6,0.0432
MT,6,0.0
MU,6,0.0775
MX,6,0.0
MY,6,0.0
MZ,6,0.4256
NC,6,0.9983
NE,6,0.1293
NG,6,0.0
NI,6,0.7208
NL,6,0.0
NO,6,0.0
NZ,6,0.0
OM,6,0.0
PA,6,0.0
PE,6,0.1848
PF,6,0.0
PH,6,0.1266
PK,6,0.9836
PL,6,0.0
PT,6,0.0
PY,6,0.9999
QA,6,0.2243
RO,6,0.0
RU,6,0.0
RW,6,0.7123
SA,6,0.0101
SE,6,0.0
SG,6,0.0232
SI,6,0.0
SK,6,0.0
SN,6,0.8656
SR,6,0.0
SV,6,0.0772
SX,6,0.7808
SY,6,0.8699
TD,6,0.0
TG,6,0.0
TH,6,0.0
TL,6,1.0
TN,6,0.0
TR,6,0.0
TW,6,0.0
UA,6,0.8351
UG,6,0.0184
US,6,0.0
UY,6,0.0146
VE,6,0.9965
VI,6,1.0
VN,6,0.385
XK,6,0.0118
XS,6,0.0
YE,6,0.9088
ZA,6,0.0
ZW,6,0.615
AD,7,0.0
AE,7,0.9981
AG,7,0.9836
AL,7,0.8857
AM,7,0.0043
AO,7,0.9785
AR,7,1.0
AT,7,0.0283
AU,7,0.9687
AW,7,0.0522
AZ,7,0.9993
BA,7,0.9955
BB,7,0.2324
BD,7,1.0
BE,7,0.0
BF,7,0.9989
BG,7,0.0017
BH,7,0.9966
BJ,7,0.0016
BL,7,0.224
BM,7,0.9143
BN,7,0.5502
BO,7,0.1583
BR,7,1.0
BS,7,0.5255
BY,7,0.9966
CA,7,0.9588
CD,7,0.9996
CF,7,0.7827
CG,7,0.332
CH,7,0.121
CI,7,0.0022
CL,7,0.1494
CM,7,0.8719
CN,7,0.2481
CO,7,0.9994
CR,7,0.7775
CU,7,0.0
CV,7,1.0
CW,7,0.982
CY,7,0.1004
CZ,7,0.0
DE,7,0.0
DK,7,0.02
DO,7,1.0
DZ,7,0.0033
EC,7,1.0
EE,7,0.0
EG,7,0.9999
ET,7,0.9995
FI,7,0.0
FJ,7,0.8071
FO,7,0.4569
FR,7,0.0
GA,7,0.3952
GB,7,0.0
GD,7,0.2093
GE,7,0.951
GH,7,0.9984
GI,7,0.0
GL,7,0.89
GM,7,0.7664
GN,7,0.9997
GQ,7,0.9999
GR,7,0.0
GT,7,0.9339
GU,7,0.0486
GW,7,0.0605
HK,7,0.0613
HN,7,0.8834
HR,7,0.0004
HT,7,0.9205
HU,7,0.0
ID,7,1.0
IE,7,0.0099
IL,7,0.0
IN,7,1.0
IQ,7,0.8069
IR,7,0.555
IS,7,0.8838
IT,7,0.0
JM,7,1.0
JO,7,0.9999
JP,7,0.8746
KE,7,0.7388
KG,7,0.1559
KH,7,0.228
KI,7,1.0
KR,7,0.1779
KW,7,1.0
KY,7,0.7874
KZ,7,0.9858
LB,7,0.9989
LC,7,0.0041
LI,7,0.1295
LK,7,0.136
LT,7,0.0
LU,7,0.0
LV,7,0.0632
LY,7,0.9953
MA,7,0.8732
MD,7,0.3968
ME,7,0.9981
MG,7,0.8273
MK,7,0.1386
ML,7,1.0
MM,7,0.6051
MN,7,0.006
MO,7,0.7095
MR,7,0.0
MT,7,0.0
MU,7,0.9725
MV,7,0.788
MX,7,1.0
MY,7,0.9063
MZ,7,0.9984
NA,7,0.3987
NC,7,0.8442
NE,7,0.082
NG,7,0.9788
NI,7,0.6456
NL,7,0.0
NO,7,0.1204
NP,7,0.8568
NZ,7,1.0
OM,7,0.9841
PA,7,1.0
PE,7,0.5113
PF,7,0.9578
PH,7,0.8671
PK,7,1.0
PL,7,0.0
PT,7,0.0
PW,7,1.0
PY,7,1.0
QA,7,0.992
QR,7,0.8507
QS,7,0.5285
QV,7,0.9796
RO,7,0.0
RU,7,1.0
RW,7,0.6057
SA,7,1.0
SC,7,0.6514
SE,7,0.0015
SG,7,0.0218
SI,7,0.0265
SK,7,0.0266
SL,7,1.0
SM,7,0.1804
SN,7,1.0
ST,7,0.003
SV,7,0.4624
SX,7,0.9999
TD,7,0.7107
TG,7,0.001
TH,7,0.9888
TM,7,0.3177
TN,7,0.0
TR,7,0.9948
TW,7,0.1172
TZ,7,0.8306
UA,7,0.7671
UG,7,0.0
US,7,0.9979
UY,7,0.9952
UZ,7,0.6797
VA,7,0.5297
VC,7,0.6309
VE,7,0.9597
VG,7,0.719
VI,7,0.7615
VN,7,0.0
VU,7,0.4159
WF,7,0.4208
XK,7,0.6667
XS,7,0.3136
YE,7,0.871
ZA,7,0.9033
ZM,7,0.0
ZW,7,0.0
AD,8,1.0
AE,8,1.0
AF,8,1.0
AG,8,0.8397
AI,8,1.0
AL,8,1.0
AM,8,1.0
AO,8,1.0
AQ,8,0.9181
AR,8,1.0
AS,8,1.0
AT,8,1.0
AU,8,1.0
AW,8,1.0
AZ,8,1.0
BA,8,1.0
BB,8,0.9567
BD,8,1.0
BE,8,1.0
BF,8,0.9323
BG,8,1.0
BH,8,1.0
BI,8,0.728
BJ,8,0.9996
BL,8,0.9999
BM,8,0.9739
BN,8,0.9649
BO,8,1.0
BQ,8,0.4289
BR,8,1.0
BS,8,0.913
BW,8,0.0
BY,8,1.0
BZ,8,0.4681
CA,8,1.0
CD,8,0.2434
CF,8,0.3259
CG,8,0.4046
CH,8,1.0
CI,8,1.0
CK,8,0.3283
CL,8,1.0
CM,8,0.8365
CN,8,1.0
CO,8,1.0
CR,8,1.0
CU,8,1.0
CV,8,0.9952
CW,8,0.9522
CY,8,1.0
CZ,8,1.0
DE,8,1.0
DJ,8,0.9996
DK,8,1.0
DM,8,0.5923
DO,8,1.0
DZ,8,1.0
EC,8,1.0
EE,8,1.0
EG,8,1.0
ER,8,0.6602
ET,8,1.0
FI,8,1.0
FJ,8,0.9983
FK,8,0.2253
FO,8,0.9709
FR,8,1.0
GA,8,0.7206
GB,8,1.0
GD,8,0.5948
GE,8,1.0
GH,8,1.0
GI,8,0.9877
GL,8,0.4344
GM,8,0.9774
GN,8,0.946
GQ,8,1.0
GR,8,1.0
GT,8,1.0
GU,8,0.532
GW,8,0.4304
GY,8,0.9998
HK,8,1.0
HM,8,1.0
HN,8,1.0
HR,8,1.0
HT,8,0.9983
HU,8,1.0
ID,8,1.0
IE,8,1.0
IL,8,1.0
IN,8,1.0
IQ,8,1.0
IR,8,1.0
IS,8,1.0
IT,8,0.9995
JM,8,0.2809
JO,8,1.0
JP,8,1.0
KE,8,1.0
KG,8,0.5142
KH,8,1.0
KI,8,0.0
KM,8,0.0292
KN,8,0.995
KP,8,0.4154
KR,8,1.0
KW,8,1.0
KY,8,0.7779
KZ,8,1.0
LA,8,0.9934
LB,8,1.0
LC,8,1.0
LI,8,0.3283
LK,8,1.0
LR,8,0.9964
LS,8,0.103
LT,8,1.0
LU,8,1.0
LV,8,1.0
LY,8,1.0
MA,8,1.0
MD,8,1.0
ME,8,1.0
MG,8,0.9196
MH,8,0.5751
MK,8,1.0
ML,8,0.0138
MM,8,1.0
MN,8,1.0
MO,8,0.5752
MP,8,0.6794
MR,8,1.0
MS,8,1.0
MT,8,1.0
MU,8,1.0
MV,8,1.0
MW,8,0.8518
MX,8,1.0
MY,8,1.0
MZ,8,0.3433
NA,8,0.5808
NC,8,0.9967
NE,8,0.9637
NG,8,0.9995
NI,8,1.0
NL,8,1.0
NO,8,1.0
NP,8,1.0
NR,8,1.0
NZ,8,1.0
OM,8,1.0
PA,8,1.0
PE,8,1.0
PF,8,0.5631
PG,8,0.6261
PH,8,1.0
PK,8,1.0
PL,8,1.0
PM,8,0.1305
PS,8,1.0
PT,8,1.0
PW,8,1.0
PY,8,1.0
QA,8,1.0
QP,8,1.0
QR,8,0.984
QS,8,0.3176
QV,8,0.9983
QW,8,0.0
RO,8,1.0
RU,8,1.0
RW,8,0.9165
SA,8,1.0
SB,8,0.2653
SC,8,1.0
SD,8,1.0
SE,8,1.0
SG,8,1.0
SH,8,1.0
SI,8,1.0
SK,8,1.0
SL,8,0.7985
SM,8,1.0
SN,8,1.0
SO,8,0.7745
SR,8,1.0
SS,8,0.65
ST,8,0.0096
SV,8,1.0
SX,8,0.992
SY,8,1.0
SZ,8,0.0888
TC,8,0.8164
TD,8,0.9983
TG,8,1.0
TH,8,1.0
TJ,8,0.9846
TL,8,0.2768
TM,8,0.9914
TN,8,1.0
TO,8,0.0
TR,8,1.0
TT,8,0.9346
TV,8,0.0
TW,8,1.0
TZ,8,1.0
UA,8,1.0
UG,8,0.9889
UM,8,1.0
US,8,1.0
UY,8,1.0
UZ,8,1.0
VA,8,0.9626
VC,8,0.9736
VE,8,1.0
VG,8,0.9999
VI,8,0.9312
VN,8,1.0
VU,8,0.9721
WF,8,0.9629
WS,8,0.2249
XK,8,0.7829
XS,8,1.0
YE,8,0.9992
ZA,8,1.0
ZM,8,0.9192
ZW,8,0.9991
AD,9,0.0
AE,9,0.0002
AG,9,0.9205
AL,9,0.0
AM,9,0.0022
AO,9,0.6967
AR,9,0.8574
AT,9,0.0
AU,9,0.1852
AW,9,0.0011
AZ,9,0.0025
BA,9,0.0
BB,9,0.0
BD,9,0.7618
BE,9,0.0
BF,9,0.9674
BG,9,0.0
BH,9,0.0
BJ,9,0.6044
BM,9,0.6314
BO,9,0.0502
BR,9,0.3842
BS,9,0.4131
BY,9,0.8674
CA,9,0.4274
CD,9,0.6926
CG,9,0.0
CH,9,0.004
CI,9,0.0
CL,9,0.0
CM,9,0.0761
CN,9,0.0
CO,9,0.0
CR,9,0.2929
CU,9,0.0
CW,9,0.0004
CY,9,0.0
CZ,9,0.0
DE,9,0.0
DJ,9,0.0002
DK,9,0.0024
DM,9,0.7325
DO,9,0.0
DZ,9,0.0
EC,9,0.0
EE,9,0.2947
EG,9,0.4481
ET,9,0.0
FI,9,0.0
FR,9,0.0
GA,9,0.0
GB,9,0.0
GE,9,0.0
GH,9,0.0
GI,9,0.0
GM,9,1.0
GN,9,0.0
GQ,9,0.0
GR,9,0.0
GT,9,0.0
GW,9,0.0
HK,9,0.0
HN,9,0.0
HR,9,0.0
HT,9,0.0
HU,9,0.0
ID,9,0.1729
IE,9,0.0
IL,9,0.8661
IN,9,0.0004
IQ,9,0.2075
IR,9,0.0
IS,9,0.0996
IT,9,0.0
JM,9,0.0
JO,9,0.0
JP,9,0.8795
KE,9,0.0002
KH,9,0.4674
KM,9,0.0
KN,9,0.9344
KR,9,0.3436
KW,9,0.0
KY,9,1.0
KZ,9,0.0174
LB,9,0.46
LK,9,0.3471
LR,9,0.928
LT,9,0.0
LU,9,0.0
LV,9,0.0
LY,9,0.469
MA,9,0.0
MD,9,0.2659
ME,9,0.0135
MG,9,0.4363
MK,9,0.4125
ML,9,0.0
MM,9,0.0529
MO,9,0.8794
MR,9,0.0
MT,9,0.0
MU,9,0.0612
MV,9,0.0
MX,9,0.0003
MY,9,0.6109
MZ,9,0.6187
NA,9,0.089
NC,9,0.0
NE,9,0.8782
NG,9,0.0
NI,9,0.8372
NL,9,0.0
NO,9,0.5182
NP,9,0.0
NZ,9,0.1729
OM,9,0.1528
PA,9,0.0737
PE,9,0.001
PF,9,0.9668
PH,9,0.0
PK,9,0.0
PL,9,0.0
PS,9,0.0298
PT,9,0.0
PY,9,1.0
QA,9,0.7209
QR,9,0.5019
QS,9,0.378
RO,9,0.0
RU,9,0.0
SA,9,0.0394
SC,9,0.0
SD,9,0.3293
SE,9,0.0003
SG,9,0.9841
SI,9,0.0
SK,9,0.0001
SL,9,0.8194
SN,9,0.0002
SO,9,0.0481
SR,9,0.0
SV,9,0.0
SY,9,0.7336
TG,9,0.813
TH,9,0.0864
TN,9,0.0
TR,9,0.9999
TT,9,0.0
TW,9,0.0
TZ,9,0.6074
UA,9,0.9576
UG,9,0.7169
US,9,0.0233
UY,9,0.6529
VE,9,0.9966
VI,9,0.0198
VN,9,0.1994
XS,9,0.0
YE,9,0.321
ZA,9,0.0
AD,10,0.0007
AE,10,0.0099
AG,10,0.8346
AM,10,0.9971
AO,10,0.0
AR,10,0.5592
AT,10,0.0
AU,10,0.0047
AZ,10,0.6002
BE,10,0.0
BF,10,0.0
BG,10,0.0665
BJ,10,0.0
BM,10,0.9627
BO,10,0.4928
BR,10,0.0
BY,10,0.0016
CA,10,0.0
CD,10,0.3571
CH,10,0.0046
CI,10,0.0
CL,10,0.003
CN,10,0.0
CO,10,0.412
CR,10,0.0
CU,10,0.9127
CV,10,0.9879
CZ,10,0.0
DE,10,0.0
DK,10,0.0636
DO,10,0.2323
DZ,10,0.6392
EC,10,0.2657
EE,10,0.4256
EG,10,0.8599
ET,10,0.0
FI,10,0.0001
FR,10,0.0
GA,10,1.0
GB,10,0.0
GE,10,0.127
GH,10,0.6321
GI,10,0.0
GM,10,0.8571
GN,10,0.9995
GQ,10,0.8432
GR,10,0.0003
GT,10,0.0003
GU,10,0.0
GW,10,0.0
HK,10,0.4153
HN,10,0.1872
HR,10,0.0012
HT,10,0.0
HU,10,0.0
ID,10,0.4666
IE,10,0.0
IL,10,0.0
IN,10,0.0
IR,10,0.3269
IS,10,0.0006
IT,10,0.0
JM,10,0.0486
JO,10,0.692
JP,10,0.356
KE,10,0.443
KR,10,0.0
KZ,10,0.3295
LB,10,0.0
LC,10,0.545
LI,10,0.0
LK,10,0.5509
LT,10,0.0
LU,10,0.0
LV,10,0.0001
LY,10,0.8405
MA,10,0.0
MD,10,0.8172
ME,10,0.7703
MK,10,0.0031
ML,10,0.9512
MR,10,0.9615
MU,10,0.0432
MX,10,0.0
MY,10,0.0016
MZ,10,0.5809
NG,10,0.9293
NI,10,0.5802
NL,10,0.0
NO,10,0.0
NZ,10,0.0747
PA,10,0.0003
PE,10,0.44
PF,10,0.9992
PH,10,0.0236
PK,10,0.0
PL,10,0.0
PT,10,0.0
PY,10,0.0306
QA,10,0.0673
RO,10,0.0
RU,10,0.0
SA,10,0.2983
SC,10,0.7404
SE,10,0.0014
SG,10,0.0096
SI,10,0.9608
SK,10,0.0
SL,10,0.0072
SN,10,0.6703
ST,10,0.0
SY,10,0.8074
TH,10,0.313
TN,10,0.0
TR,10,0.0
TW,10,0.0
UA,10,0.0
US,10,0.0
UY,10,0.0375
UZ,10,0.8284
VE,10,0.3787
VN,10,0.676
ZA,10,0.0048
AD,11,0.0
AE,11,0.9996
AF,11,0.8746
AG,11,0.1386
AL,11,0.9952
AM,11,0.3811
AO,11,0.7254
AR,11,0.9999
AT,11,0.0
AU,11,0.0
AW,11,0.0
AZ,11,0.9974
BA,11,0.769
BE,11,0.0
BF,11,0.8763
BG,11,0.0014
BH,11,1.0
BM,11,0.9878
BO,11,0.9998
BR,11,0.0
BS,11,0.9308
BY,11,0.7513
BZ,11,0.4638
CA,11,0.5426
CD,11,0.6263
CF,11,0.9716
CG,11,0.3615
CH,11,0.0
CI,11,0.0448
CL,11,0.9999
CM,11,0.4047
CN,11,0.0576
CO,11,0.9999
CR,11,0.9999
CU,11,0.0
CV,11,0.0
CW,11,0.0017
CY,11,0.0033
CZ,11,0.0
DE,11,0.0
DJ,11,0.9856
DK,11,0.0
DO,11,0.992
DZ,11,0.0
EC,11,0.0
EE,11,0.0
EG,11,0.9433
FI,11,0.0
FO,11,0.4454
FR,11,0.0
GB,11,0.0
GE,11,0.0
GH,11,0.8808
GI,11,1.0
GM,11,0.9542
GN,11,0.6143
GQ,11,0.0
GR,11,0.0
GT,11,0.4412
HK,11,0.2179
HN,11,0.5517
HR,11,0.0
HT,11,0.3432
HU,11,0.0
ID,11,0.6361
IE,11,0.0
IL,11,0.9999
IN,11,0.953
IQ,11,0.9937
IR,11,0.9458
IS,11,0.0028
IT,11,0.0
JO,11,0.9538
JP,11,0.0002
KE,11,0.9952
KR,11,1.0
KW,11,0.8383
KZ,11,0.625
LB,11,0.0769
LI,11,0.4405
LK,11,0.7164
LR,11,0.018
LT,11,0.0012
LU,11,0.0
LV,11,0.0001
LY,11,0.7697
MA,11,0.0
MD,11,0.0068
ME,11,0.9987
MG,11,0.0113
MH,11,0.9686
ML,11,0.0
MM,11,1.0
MO,11,0.1174
MR,11,0.7675
MT,11,0.0
MU,11,0.0
MV,11,0.9849
MX,11,0.0
MY,11,0.1102
MZ,11,0.0818
NA,11,0.0123
NE,11,0.0
NG,11,1.0
NI,11,0.9217
NL,11,0.0
NO,11,0.7473
NZ,11,0.0032
OM,11,0.999
PA,11,0.0
PE,11,0.9885
PF,11,0.9342
PG,11,0.8815
PH,11,0.8582
PK,11,0.5242
PL,11,0.0
PT,11,0.0
PY,11,0.9844
QA,11,0.5231
QR,11,0.939
QS,11,0.9728
QV,11,0.0
QW,11,0.0
RO,11,0.0
RU,11,0.0
RW,11,0.7136
SA,11,0.9995
SC,11,0.4519
SD,11,0.0151
SE,11,0.0
SG,11,0.9994
SI,11,0.0
SK,11,0.0
SL,11,0.8349
SN,11,0.0
SV,11,0.0008
SX,11,0.9165
TG,11,0.9707
TH,11,0.7518
TL,11,0.8914
TN,11,0.9786
TR,11,0.0
TT,11,0.0322
TW,11,0.7688
TZ,11,0.2722
UA,11,0.0
US,11,0.1253
UY,11,0.9996
VE,11,0.972
VN,11,0.5451
XS,11,0.9994
YE,11,1.0
ZA,11,0.9152
AD,12,0.0
AE,12,0.0
AF,12,0.8757
AG,12,0.5356
AI,12,0.0448
AL,12,0.0
AM,12,0.0
AO,12,0.0141
AR,12,0.0
AT,12,0.0
AU,12,0.0
AW,12,0.0
AZ,12,0.0
BA,12,0.0
BB,12,0.0022
BD,12,0.0
BE,12,0.0
BF,12,0.0027
BG,12,0.0
BH,12,0.0
BJ,12,0.0006
BL,12,0.0192
BM,12,0.0909
BN,12,0.0141
BO,12,0.0
BQ,12,0.0502
BR,12,0.0
BS,12,0.0024
BW,12,0.9222
BY,12,0.0009
BZ,12,0.0
CA,12,0.0
CD,12,0.0
CF,12,0.0545
CG,12,0.0
CH,12,0.0
CI,12,0.0
CL,12,0.0
CM,12,0.0
CN,12,0.0
CO,12,0.0
CR,12,0.0
CU,12,0.0
CV,12,0.0
CW,12,0.001
CY,12,0.0
CZ,12,0.0
DE,12,0.0
DJ,12,0.9821
DK,12,0.0
DO,12,0.0
DZ,12,0.0
EC,12,0.0001
EE,12,0.0
EG,12,0.0
ET,12,0.4979
FI,12,0.0
FJ,12,0.0621
FK,12,0.836
FR,12,0.0
GA,12,0.3455
GB,12,0.0
GD,12,0.5687
GE,12,0.0
GH,12,0.0
GI,12,0.0
GM,12,0.0
GN,12,0.0
GQ,12,0.0
GR,12,0.0
GT,12,0.0
GW,12,0.0001
GY,12,0.0019
HK,12,0.0
HN,12,0.0
HR,12,0.0
HT,12,0.078
HU,12,0.0
ID,12,0.0
IE,12,0.0
IL,12,0.0
IN,12,0.0
IQ,12,0.0031
IR,12,0.0
IS,12,0.0035
IT,12,0.0
JM,12,0.03
JO,12,0.0
JP,12,0.0
KE,12,0.0253
KG,12,0.0
KH,12,0.0
KM,12,0.6137
KR,12,0.0
KW,12,0.0
KY,12,0.193
KZ,12,0.0
LA,12,0.8733
LB,12,0.0
LC,12,0.0003
LI,12,0.0013
LK,12,0.0
LR,12,0.8688
LT,12,0.0
LU,12,0.0
LV,12,0.0
LY,12,0.0
MA,12,0.0
MD,12,0.0
ME,12,0.0
MG,12,0.0444
MK,12,0.0
ML,12,0.0
MM,12,0.0807
MN,12,0.0
MO,12,0.0
MP,12,1.0
MR,12,0.0
MT,12,0.0
MU,12,0.0
MV,12,0.3846
MW,12,0.417
MX,12,0.0
MY,12,0.0
MZ,12,0.0028
NA,12,0.0
NC,12,0.0
NE,12,0.5771
NG,12,0.0
NI,12,0.0
NL,12,0.0
NO,12,0.0
NP,12,0.0715
NZ,12,0.0
OM,12,0.0
PA,12,0.0
PE,12,0.0
PF,12,0.0001
PG,12,0.0
PH,12,0.0
PK,12,0.0
PL,12,0.0
PS,12,0.0109
PT,12,0.0
PY,12,0.9943
QA,12,0.0
QR,12,0.8819
QS,12,0.971
RO,12,0.0
RU,12,0.0
RW,12,0.8559
SA,12,0.0
SC,12,0.0071
SD,12,0.0722
SE,12,0.0
SG,12,0.0
SI,12,0.0
SK,12,0.0
SL,12,0.0005
SM,12,0.0405
SN,12,0.0
SO,12,0.0
SR,12,0.0
ST,12,0.8277
SV,12,0.0
SX,12,0.518
SY,12,0.0
TC,12,0.3959
TD,12,0.595
TG,12,0.0881
TH,12,0.0
TJ,12,0.1432
TM,12,0.0
TN,12,0.0
TR,12,0.0
TT,12,0.0087
TW,12,0.0
TZ,12,0.0
UA,12,0.0
UG,12,0.0
US,12,0.0
UY,12,0.0
UZ,12,0.0
VE,12,0.0
VG,12,0.3337
VI,12,1.0
VN,12,0.0
XK,12,0.0
XS,12,0.0
YE,12,0.0003
ZA,12,0.0
ZM,12,0.9425
ZW,12,0.0229
AD,13,0.0
AE,13,0.0003
AF,13,0.9934
AG,13,0.0013
AL,13,0.0
AM,13,0.0639
AO,13,0.3252
AR,13,0.2146
AT,13,0.0
AU,13,0.0187
AW,13,0.3868
AZ,13,0.2879
BA,13,0.2318
BD,13,0.0689
BE,13,0.0
BF,13,0.0
BG,13,0.0
BH,13,0.0282
BJ,13,0.0
BO,13,0.7715
BR,13,0.1305
BY,13,0.0
CA,13,0.0
CD,13,0.9999
CG,13,0.0084
CH,13,0.0
CI,13,0.0
CL,13,0.0
CM,13,0.0656
CN,13,0.0
CO,13,0.0
CR,13,0.0
CU,13,0.0
CV,13,0.0
CY,13,0.0
CZ,13,0.0
DE,13,0.0
DK,13,0.113
DO,13,0.0
DZ,13,0.9987
EC,13,0.026
EE,13,0.0
EG,13,0.0138
ET,13,0.5531
FI,13,0.0
FJ,13,0.029
FR,13,0.0
GA,13,0.4454
GB,13,0.0
GE,13,0.0
GH,13,0.0
GI,13,0.0
GM,13,0.7159
GN,13,0.0
GQ,13,0.597
GR,13,0.0
GT,13,0.0
GU,13,0.0493
GW,13,1.0
HK,13,0.4535
HN,13,0.5526
HR,13,0.0
HU,13,0.0
ID,13,0.0
IE,13,0.0
IL,13,0.0449
IN,13,0.0
IQ,13,0.0108
IR,13,0.0944
IS,13,0.0463
IT,13,0.0
JM,13,0.0
JO,13,0.0184
JP,13,0.0036
KE,13,0.0
KH,13,0.0
KP,13,0.1704
KR,13,0.2506
KW,13,0.5915
KY,13,0.7363
KZ,13,0.0816
LB,13,0.0255
LC,13,0.0114
LK,13,0.4436
LR,13,0.1509
LT,13,0.0
LU,13,0.0
LV,13,0.0
LY,13,0.673
MA,13,0.0
MD,13,0.0004
MK,13,0.0043
ML,13,0.7368
MR,13,1.0
MT,13,0.0
MU,13,0.4531
MX,13,0.0
MY,13,0.1042
NA,13,0.9507
NC,13,0.0
NG,13,0.0
NI,13,0.0
NL,13,0.0
NO,13,0.0
NP,13,0.6836
NZ,13,0.1991
OM,13,0.7171
PA,13,0.0001
PE,13,0.0004
PF,13,0.0
PH,13,0.0
PK,13,0.113
PL,13,0.0
PT,13,0.0
PY,13,0.8699
QA,13,0.9563
QR,13,0.189
QS,13,0.7978
RO,13,0.0
RU,13,0.0
SA,13,0.0
SC,13,0.6944
SE,13,0.0
SG,13,0.1739
SI,13,0.0
SK,13,0.0
SL,13,0.2311
SN,13,0.0
SR,13,0.0125
ST,13,0.1135
SV,13,0.0063
SY,13,0.0
TG,13,0.0852
TH,13,0.0
TJ,13,0.4177
TN,13,0.9321
TR,13,0.0
TT,13,0.0196
TW,13,0.824
TZ,13,0.0001
UA,13,0.0
UG,13,0.0001
US,13,0.0
UY,13,0.0387
VE,13,0.2612
VN,13,0.1035
WS,13,0.7425
XS,13,0.0157
YE,13,0.9068
ZA,13,0.0025
ZM,13,0.7555
ZW,13,0.5187
AD,14,0.0
AE,14,0.0
AL,14,0.3962
AM,14,0.7154
AO,14,0.0
AQ,14,0.568
AR,14,0.334
AT,14,0.0
AU,14,0.0
AW,14,0.557
AZ,14,0.0065
BA,14,0.4433
BB,14,0.0
BD,14,0.9496
BE,14,0.0
BF,14,0.5946
BG,14,0.0
BH,14,0.0
BJ,14,0.4419
BL,14,0.8973
BM,14,0.0
BN,14,0.5845
BO,14,0.0985
BR,14,0.0
BS,14,0.9244
BY,14,0.0068
CA,14,0.0298
CF,14,1.0
CG,14,0.6634
CH,14,0.0
CI,14,0.0086
CL,14,0.0
CM,14,0.8676
CN,14,0.9892
CO,14,0.2803
CR,14,0.0782
CU,14,0.0
CV,14,0.2377
CW,14,0.5729
CY,14,0.0
CZ,14,0.0
DE,14,0.0
DK,14,0.0
DO,14,0.1233
DZ,14,0.0
EC,14,0.0846
EE,14,0.0
EG,14,0.0
ET,14,0.6929
FI,14,0.0
FJ,14,0.0061
FO,14,0.9398
FR,14,0.0
GA,14,0.0
GB,14,0.0
GE,14,0.1708
GH,14,0.723
GI,14,0.9683
GM,14,0.3602
GN,14,0.9191
GQ,14,0.0152
GR,14,0.0
GT,14,0.1232
GU,14,0.5863
HK,14,0.005
HN,14,0.3687
HR,14,0.0
HT,14,0.041
HU,14,0.0
ID,14,0.8382
IE,14,0.0
IL,14,0.0007
IN,14,0.9182
IQ,14,0.3003
IR,14,0.0
IS,14,0.3073
IT,14,0.0
JM,14,0.1884
JO,14,0.0384
JP,14,0.0088
KE,14,0.0747
KG,14,0.0108
KH,14,0.0
KM,14,0.3553
KR,14,0.0
KW,14,0.0198
KZ,14,0.0012
LB,14,0.0
LC,14,0.1435
LI,14,0.4378
LK,14,0.5815
LT,14,0.0
LU,14,0.0
LV,14,0.0
LY,14,0.533
MA,14,0.0
MD,14,0.8475
MG,14,0.9941
ML,14,0.9923
MM,14,0.6562
MN,14,0.052
MO,14,0.0
MR,14,0.4068
MT,14,0.0
MU,14,0.9139
MV,14,0.0528
MX,14,0.0
MY,14,0.8091
NA,14,0.1652
NC,14,0.0228
NG,14,0.4798
NI,14,0.2398
NL,14,0.0
NO,14,0.0
NZ,14,0.0
OM,14,0.3855
PA,14,0.1042
PE,14,0.4117
PH,14,0.8978
PK,14,0.9177
PL,14,0.0
PS,14,0.3844
PT,14,0.0
PY,14,0.1451
QA,14,0.0
QR,14,0.9365
QS,14,0.0214
RO,14,0.0
RU,14,0.0296
SA,14,0.62
SC,14,0.1342
SD,14,0.2196
SE,14,0.0
SG,14,0.2239
SI,14,0.0
SK,14,0.0
SN,14,0.0
SO,14,0.0
SR,14,0.061
SV,14,0.5841
SY,14,0.0135
TD,14,0.039
TG,14,0.1689
TH,14,0.0
TM,14,0.887
TN,14,0.0
TR,14,0.0
TT,14,0.6214
TW,14,0.0
TZ,14,0.9506
UA,14,0.5557
UG,14,0.0002
US,14,0.0
UY,14,0.0
UZ,14,0.4886
VE,14,0.2281
VN,14,0.0452
XS,14,0.3321
YE,14,0.8281
ZA,14,0.0
AD,15,0.0
AE,15,0.2503
AF,15,0.2781
AG,15,0.6184
AL,15,1.0
AM,15,0.9999
AO,15,0.9995
AR,15,0.3348
AT,15,1.0
AU,15,0.9884
AW,15,1.0
AZ,15,1.0
BA,15,1.0
BD,15,1.0
BE,15,1.0
BG,15,1.0
BH,15,0.9999
BJ,15,0.0021
BN,15,0.6586
BO,15,0.8803
BR,15,0.0008
BS,15,0.8207
BY,15,0.0
BZ,15,0.7292
CA,15,0.8473
CD,15,0.5803
CF,15,0.1309
CG,15,0.0
CH,15,1.0
CI,15,0.0064
CL,15,0.0
CM,15,0.0562
CN,15,1.0
CO,15,0.0
CR,15,0.056
CU,15,1.0
CV,15,0.0
CW,15,0.4123
CY,15,1.0
CZ,15,1.0
DE,15,1.0
DK,15,1.0
DO,15,0.0
DZ,15,0.0
EC,15,0.0
EE,15,1.0
EG,15,0.0201
ET,15,0.9723
FI,15,1.0
FJ,15,0.8945
FK,15,0.3751
FO,15,0.1337
FR,15,0.0011
GA,15,0.563
GB,15,1.0
GD,15,0.0
GE,15,0.6555
GH,15,0.0011
GI,15,0.3315
GM,15,0.0479
GN,15,0.092
GQ,15,0.9978
GR,15,1.0
GT,15,0.624
GU,15,0.0
GW,15,0.7496
HK,15,1.0
HN,15,0.9984
HR,15,1.0
HT,15,0.7595
HU,15,1.0
ID,15,0.2902
IE,15,1.0
IL,15,0.0209
IN,15,0.0
IQ,15,0.1819
IR,15,0.0
IS,15,0.8859
IT,15,1.0
JM,15,0.0168
JO,15,0.0007
JP,15,0.9898
KE,15,0.0
KG,15,0.7404
KH,15,0.9928
KM,15,0.1953
KR,15,1.0
KW,15,1.0
KY,15,0.1902
KZ,15,1.0
LB,15,0.5421
LC,15,0.1756
LI,15,0.5202
LK,15,0.9934
LR,15,0.0
LT,15,1.0
LU,15,1.0
LV,15,1.0
LY,15,0.0
MA,15,0.0
MD,15,0.0081
ME,15,0.999
MG,15,0.9999
MH,15,0.1201
MK,15,0.981
ML,15,0.006
MM,15,0.9931
MN,15,0.6325
MO,15,0.8638
MR,15,0.4651
MT,15,1.0
MU,15,0.0
MV,15,0.0774
MX,15,0.0036
MY,15,0.1569
MZ,15,0.0001
NA,15,0.9786
NC,15,0.0221
NE,15,0.3255
NG,15,0.9903
NI,15,0.0174
NL,15,1.0
NO,15,0.0
NZ,15,0.363
OM,15,0.6108
PA,15,0.0
PE,15,0.0
PF,15,0.0908
PG,15,0.7846
PH,15,0.0797
PK,15,0.9937
PL,15,1.0
PS,15,0.1381
PT,15,1.0
PY,15,0.146
QA,15,0.8827
QR,15,0.9045
QS,15,0.9991
QV,15,0.9942
QW,15,0.2893
RO,15,1.0
RU,15,1.0
SA,15,0.9501
SB,15,0.7549
SC,15,1.0
SD,15,0.5006
SE,15,1.0
SG,15,0.0464
SI,15,1.0
SK,15,1.0
SL,15,1.0
SM,15,0.7674
SN,15,0.0
SO,15,0.0
SV,15,0.1404
SX,15,0.5347
SY,15,0.6704
TG,15,0.0
TH,15,0.0311
TJ,15,0.3231
TM,15,0.6158
TN,15,0.0
TR,15,1.0
TT,15,0.0013
TW,15,0.0165
TZ,15,0.0975
UA,15,0.9988
UG,15,0.0
US,15,0.9422
UY,15,0.0001
UZ,15,0.5613
VE,15,1.0
VN,15,0.5593
XK,15,0.0553
XS,15,0.9828
YE,15,0.6967
ZA,15,0.6437
ZM,15,0.1387
AD,16,0.1569
AE,16,0.0448
AL,16,0.0
AM,16,0.9508
AO,16,0.6747
AR,16,0.6812
AT,16,0.0
AU,16,0.0
AW,16,0.0294
BE,16,0.0
BG,16,0.0
BJ,16,0.4085
BO,16,0.9879
BR,16,0.0
BS,16,0.812
CA,16,0.8176
CG,16,0.0444
CH,16,0.9889
CI,16,0.7192
CL,16,0.8011
CM,16,0.0095
CN,16,0.0
CO,16,0.002
CR,16,0.9872
CU,16,0.6834
CY,16,0.0
CZ,16,0.0
DE,16,0.0
DJ,16,0.9066
DK,16,0.0
DO,16,0.8434
DZ,16,0.0
EC,16,0.6039
EE,16,0.3992
EG,16,0.0011
FI,16,0.0
FR,16,0.0
GA,16,0.0142
GB,16,0.0
GH,16,0.9905
GI,16,0.0372
GM,16,0.5447
GN,16,0.3745
GQ,16,0.0767
GR,16,0.0
GT,16,0.9921
GW,16,0.8312
HK,16,0.102
HR,16,0.0119
HT,16,0.9301
HU,16,0.0
ID,16,0.9758
IE,16,0.3321
IL,16,0.0
IN,16,0.0
IQ,16,0.8091
IR,16,0.0019
IT,16,0.0
JO,16,0.6576
JP,16,0.0
KE,16,0.0048
KH,16,0.7906
KP,16,0.7474
KR,16,0.0
KW,16,0.0
KY,16,0.3845
LB,16,0.0073
LK,16,0.0068
LR,16,0.6586
LT,16,0.9553
LU,16,0.0
LV,16,0.0
MA,16,0.0
MD,16,0.3249
ME,16,0.4452
ML,16,0.8443
MO,16,0.881
MR,16,0.0
MT,16,0.4039
MX,16,0.9982
MY,16,0.0
NG,16,0.9462
NI,16,0.7143
NL,16,0.0
NO,16,0.9899
NP,16,0.0004
NZ,16,0.9936
OM,16,0.0
PA,16,0.9989
PE,16,0.0053
PH,16,0.4974
PK,16,0.0055
PL,16,0.0
PT,16,0.0
PY,16,1.0
QA,16,0.0
RO,16,0.0
RU,16,0.0
SA,16,0.0015
SE,16,0.0
SG,16,0.0901
SI,16,0.0
SK,16,0.0
SL,16,0.7787
SN,16,0.7612
SY,16,0.9244
TG,16,0.3108
TH,16,0.0293
TN,16,0.0
TR,16,0.169
TW,16,0.0
UA,16,0.0
US,16,0.0002
UY,16,0.9717
VE,16,0.0
VN,16,0.0
XS,16,0.6649
YE,16,0.8403
ZA,16,0.0
AD,17,1.0
AE,17,0.4
AF,17,0.2137
AG,17,0.1515
AL,17,0.1006
AM,17,0.3231
AO,17,0.0221
AQ,17,0.578
AR,17,0.2105
AT,17,0.0
AU,17,0.7261
AW,17,0.0
AZ,17,0.0
BA,17,0.0
BB,17,0.3421
BD,17,0.0
BE,17,1.0
BF,17,0.3116
BG,17,1.0
BH,17,0.4807
BI,17,0.6455
BJ,17,0.3436
BL,17,0.7678
BM,17,0.0401
BN,17,0.2767
BO,17,0.6827
BR,17,0.8179
BS,17,0.0043
BT,17,0.0
BW,17,0.3213
BY,17,0.1201
BZ,17,0.8319
CA,17,0.9146
CD,17,0.5431
CF,17,0.0009
CG,17,0.0081
CH,17,0.9965
CI,17,0.6289
CK,17,1.0
CL,17,0.7611
CM,17,0.3752
CN,17,0.0085
CO,17,0.0369
CR,17,0.0434
CU,17,0.0
CV,17,0.0
CW,17,0.0023
CY,17,0.9978
CZ,17,1.0
DE,17,1.0
DJ,17,0.9373
DK,17,1.0
DO,17,0.9997
DZ,17,0.0
EC,17,0.8122
EE,17,0.1487
EG,17,0.0637
ET,17,0.0018
FI,17,0.939
FJ,17,0.2745
FO,17,0.0835
FR,17,1.0
GA,17,0.2665
GB,17,1.0
GD,17,0.6996
GE,17,0.7009
GH,17,0.51
GI,17,0.0
GL,17,0.9299
GM,17,1.0
GN,17,0.8357
GQ,17,0.0037
GR,17,0.982
GT,17,0.2733
GU,17,0.1703
GW,17,0.8307
GY,17,0.8267
HK,17,0.1245
HN,17,0.6142
HR,17,0.9863
HT,17,0.7129
HU,17,1.0
ID,17,0.0323
IE,17,1.0
IL,17,0.5953
IN,17,0.0761
IQ,17,0.0051
IR,17,0.0
IS,17,0.2961
IT,17,0.2009
JM,17,0.7359
JO,17,0.0656
JP,17,0.0
KE,17,0.0071
KG,17,0.2061
KH,17,0.0
KM,17,0.5627
KR,17,0.0009
KW,17,0.0
KY,17,0.3818
KZ,17,0.0035
LB,17,0.0012
LC,17,0.6524
LI,17,0.7866
LK,17,0.0006
LR,17,0.0316
LT,17,1.0
LU,17,0.5288
LV,17,0.8191
LY,17,0.6158
MA,17,0.9973
MD,17,0.0047
ME,17,0.0
MG,17,0.0193
MH,17,0.0803
MK,17,0.0175
ML,17,0.3916
MM,17,0.5135
MN,17,0.9222
MO,17,0.0
MP,17,0.1939
MR,17,0.8402
MT,17,0.0636
MU,17,0.9934
MV,17,0.1532
MW,17,0.3937
MX,17,0.7809
MY,17,0.0484
MZ,17,0.9483
NA,17,0.5603
NC,17,0.0
NE,17,0.3667
NG,17,0.0012
NI,17,0.9646
NL,17,1.0
NO,17,0.8173
NP,17,0.2462
NZ,17,0.0129
OM,17,0.0208
PA,17,0.9966
PE,17,0.9746
PF,17,0.1073
PG,17,0.0239
PH,17,0.8095
PK,17,0.0003
PL,17,1.0
PM,17,0.0
PS,17,0.0
PT,17,0.0018
PY,17,0.1319
QA,17,0.2287
QR,17,0.2641
QS,17,0.1316
RO,17,1.0
RU,17,0.4209
RW,17,0.797
SA,17,0.0
SC,17,0.3253
SD,17,0.0657
SE,17,0.5976
SG,17,0.8393
SI,17,0.0765
SK,17,0.9993
SL,17,0.335
SM,17,0.4493
SN,17,0.0667
SO,17,0.4673
SR,17,0.6516
ST,17,0.8375
SV,17,0.1843
SX,17,0.0
SY,17,0.0
TD,17,0.0
TG,17,0.078
TH,17,0.4246
TJ,17,0.8791
TM,17,0.0048
TN,17,0.0
TR,17,0.0085
TT,17,0.9583
TV,17,0.165
TW,17,0.207
TZ,17,0.7203
UA,17,0.2521
UG,17,0.9663
US,17,0.2707
UY,17,1.0
UZ,17,0.2575
VC,17,0.0808
VE,17,0.0016
VG,17,0.334
VI,17,0.2029
VN,17,0.0342
VU,17,0.0061
WS,17,0.0
XK,17,0.1007
XS,17,0.0234
YE,17,0.4698
ZA,17,0.9962
ZM,17,0.5319
ZW,17,0.0149
AD,18,0.0
AE,18,1.0
AL,18,0.2524
AM,18,0.919
AO,18,0.0026
AR,18,0.1967
AT,18,0.0
AU,18,0.8727
AZ,18,0.1421
BA,18,0.3517
BD,18,0.4712
BE,18,0.0
BF,18,0.9978
BG,18,0.0
BH,18,0.7895
BJ,18,0.8038
BN,18,0.8936
BO,18,0.0024
BR,18,0.0573
BS,18,0.434
BY,18,0.3988
CA,18,0.9315
CD,18,0.895
CG,18,0.2382
CH,18,0.0
CI,18,0.5268
CL,18,0.4624
CM,18,0.3616
CN,18,0.0019
CO,18,0.0338
CR,18,0.0
CU,18,0.9953
CV,18,0.607
CW,18,0.9265
CY,18,0.0052
CZ,18,0.0
DE,18,0.0
DJ,18,0.125
DK,18,0.0161
DO,18,0.439
DZ,18,0.081
EC,18,0.2439
EE,18,0.0
EG,18,0.9999
FI,18,0.0
FR,18,0.0
GA,18,0.2274
GB,18,0.0
GE,18,0.7143
GH,18,0.1975
GI,18,1.0
GM,18,0.9691
GN,18,0.8216
GQ,18,0.0123
GR,18,0.0
GT,18,0.9954
GU,18,0.8932
GW,18,0.8348
HK,18,0.0005
HN,18,0.9931
HR,18,0.0068
HT,18,0.8572
HU,18,0.007
ID,18,0.2687
IE,18,0.0772
IL,18,0.9661
IN,18,0.0002
IQ,18,0.4642
IR,18,0.1645
IS,18,0.8548
IT,18,0.0
JM,18,0.8544
JO,18,0.997
JP,18,0.9941
KE,18,0.9007
KG,18,0.0
KH,18,0.0
KN,18,0.2429
KR,18,0.199
KW,18,0.6763
KZ,18,0.0024
LB,18,0.2232
LC,18,0.6607
LI,18,0.4411
LK,18,0.0
LT,18,0.0
LU,18,0.0
LV,18,0.0
LY,18,0.6121
MA,18,0.102
MD,18,0.9091
ME,18,0.0
MK,18,0.0016
ML,18,0.6603
MM,18,0.1173
MN,18,0.606
MO,18,0.4222
MR,18,0.8088
MT,18,0.0507
MU,18,0.0
MV,18,0.7867
MX,18,0.9868
MY,18,0.9223
MZ,18,0.9869
NA,18,0.0
NG,18,0.0
NI,18,0.6227
NL,18,0.0
NO,18,0.0
NZ,18,0.684
OM,18,0.0353
PA,18,0.6566
PE,18,0.9774
PF,18,0.9306
PG,18,0.0
PH,18,0.934
PK,18,0.9731
PL,18,0.0
PT,18,1.0
PY,18,0.8975
QA,18,0.8572
QR,18,0.6847
QS,18,0.2964
QV,18,0.8927
RO,18,0.0
RU,18,0.0569
RW,18,0.0
SA,18,0.942
SC,18,0.0142
SE,18,0.0
SG,18,0.0012
SI,18,0.0
SK,18,0.0014
SM,18,0.9063
SN,18,1.0
SO,18,0.8667
SR,18,0.0
SV,18,0.9982
SY,18,0.0
TG,18,0.5872
TH,18,0.5562
TJ,18,0.423
TN,18,0.1528
TR,18,0.1217
TW,18,0.8368
TZ,18,0.99
UA,18,0.1894
UG,18,1.0
US,18,0.9586
UY,18,0.0015
UZ,18,0.7858
VE,18,0.9896
VG,18,0.3356
VN,18,0.9995
XS,18,0.4843
YE,18,0.8777
ZA,18,0.1394
AD,19,0.0
AE,19,0.0
AL,19,0.0
AO,19,0.2764
AR,19,0.0044
AT,19,0.0
AU,19,0.0
AZ,19,0.0
BA,19,0.0007
BB,19,0.0
BE,19,0.9683
BF,19,0.9531
BG,19,0.0
BH,19,0.1878
BJ,19,0.9285
BO,19,0.6895
BR,19,0.0036
BY,19,0.2672
CA,19,0.0
CD,19,0.5817
CG,19,0.0149
CH,19,0.0
CI,19,0.9962
CL,19,0.1295
CM,19,0.0466
CN,19,0.0
CO,19,0.0
CR,19,0.589
CU,19,1.0
CV,19,0.8584
CY,19,0.0
CZ,19,0.0
DE,19,0.0
DK,19,0.0
DO,19,0.0
DZ,19,0.0
EC,19,0.5191
EE,19,0.8686
EG,19,0.1735
ET,19,0.0
FI,19,0.0
FR,19,0.0
GA,19,1.0
GB,19,0.0
GE,19,0.7622
GH,19,0.9926
GI,19,0.0
GM,19,0.2389
GN,19,0.2777
GQ,19,1.0
GR,19,0.0
GT,19,0.0
HK,19,0.0
HR,19,0.642
HU,19,0.0
ID,19,0.4074
IE,19,0.0
IL,19,0.0
IN,19,0.0
IQ,19,0.9046
IR,19,0.6688
IS,19,0.8624
IT,19,0.0
JO,19,0.0856
JP,19,0.0
KE,19,0.4701
KG,19,0.0
KR,19,0.0
KW,19,0.0003
KZ,19,0.0
LB,19,0.0808
LK,19,0.8503
LR,19,0.8512
LT,19,0.0
LU,19,0.0
LV,19,0.0
LY,19,0.9675
MA,19,0.0
MD,19,0.3152
ML,19,0.9997
MM,19,0.8037
MR,19,0.0
MT,19,0.0
MX,19,0.0
MY,19,1.0
NG,19,1.0
NI,19,0.0028
NL,19,0.0
NO,19,0.0
NZ,19,0.0
OM,19,0.6353
PA,19,0.4979
PE,19,0.9709
PH,19,0.9254
PK,19,0.1976
PL,19,0.0
PT,19,0.0
PY,19,0.0
QA,19,0.9063
QR,19,0.2303
QS,19,0.9257
RO,19,0.0
RU,19,0.0
SA,19,0.0
SC,19,0.3028
SD,19,0.0155
SE,19,0.0
SG,19,0.0238
SI,19,0.0
SK,19,0.0
SL,19,0.7668
SN,19,0.2497
SV,19,0.312
TG,19,0.5238
TH,19,0.854
TJ,19,0.136
TN,19,0.0128
TR,19,0.0512
TW,19,0.0
UA,19,0.0
US,19,0.0
UY,19,0.791
VE,19,0.0005
VN,19,0.8636
XS,19,0.0
ZA,19,0.0003
AD,20,0.0104
AE,20,0.0002
AG,20,0.9296
AL,20,0.0
AM,20,0.2601
AO,20,1.0
AR,20,0.0143
AT,20,0.0
AU,20,0.8755
AW,20,0.3068
AZ,20,0.9308
BA,20,0.0
BB,20,0.0414
BD,20,0.0094
BE,20,0.0
BF,20,0.2283
BG,20,0.0125
BH,20,0.8062
BI,20,0.5773
BJ,20,0.2636
BM,20,0.957
BN,20,0.4038
BO,20,0.0
BQ,20,0.6671
BR,20,0.9981
BS,20,0.138
BW,20,0.3773
BY,20,0.0
CA,20,0.0
CD,20,0.8798
CF,20,0.4835
CG,20,0.4593
CH,20,0.8446
CI,20,0.0962
CL,20,0.0072
CM,20,1.0
CN,20,0.9104
CO,20,0.02
CR,20,0.9864
CU,20,1.0
CV,20,0.0
CW,20,0.704
CY,20,0.0
CZ,20,0.0
DE,20,0.0
DJ,20,0.5731
DK,20,0.0
DO,20,0.4064
DZ,20,0.0
EC,20,0.7746
EE,20,0.0
EG,20,0.7148
ET,20,0.1779
FI,20,0.0015
FJ,20,0.5666
FO,20,0.011
FR,20,0.0
GA,20,0.9531
GB,20,0.0
GE,20,0.0767
GH,20,0.0
GI,20,0.0
GL,20,0.1124
GM,20,0.3444
GN,20,0.4014
GQ,20,0.4967
GR,20,0.0
GT,20,0.2994
GW,20,0.1952
GY,20,0.8651
HK,20,0.1549
HN,20,0.0003
HR,20,0.0
HT,20,0.7883
HU,20,0.0163
ID,20,0.4329
IE,20,0.0
IL,20,0.6983
IN,20,0.5435
IQ,20,0.2806
IR,20,0.584
IS,20,0.8934
IT,20,0.0
JM,20,0.7942
JO,20,0.4966
JP,20,0.1933
KE,20,0.2418
KG,20,0.6403
KH,20,0.9536
KP,20,0.6158
KR,20,0.8726
KW,20,0.009
KY,20,0.5642
KZ,20,0.0
LA,20,0.2116
LB,20,0.0041
LC,20,0.4271
LI,20,1.0
LK,20,0.9747
LR,20,0.8408
LT,20,0.0
LU,20,0.0
LV,20,0.0
LY,20,0.4931
MA,20,0.746
MD,20,0.0012
ME,20,0.0
MG,20,0.0504
MH,20,0.0578
MK,20,0.0
ML,20,0.0
MM,20,0.0635
MN,20,0.0189
MO,20,0.8258
MR,20,0.5563
MT,20,0.0
MU,20,0.0049
MV,20,0.9539
MW,20,0.0951
MX,20,0.8626
MY,20,0.9661
MZ,20,0.9131
NA,20,0.9899
NC,20,0.6263
NE,20,0.0297
NG,20,0.0021
NI,20,0.4265
NL,20,0.0
NO,20,0.9889
NP,20,0.7014
NZ,20,0.0068
OM,20,0.0971
PA,20,0.7006
PE,20,0.0357
PF,20,0.3083
PG,20,0.9178
PH,20,0.981
PK,20,0.0987
PL,20,0.0
PS,20,0.0659
PT,20,0.0149
PY,20,0.0047
QA,20,0.1978
QR,20,0.8073
QS,20,0.463
QV,20,0.9986
QW,20,0.8466
RO,20,0.0
RU,20,0.342
RW,20,0.8553
SA,20,0.0045
SC,20,1.0
SD,20,0.9299
SE,20,0.0
SG,20,0.0313
SI,20,0.0
SK,20,0.0
SL,20,0.0
SM,20,0.9577
SN,20,0.3521
SO,20,0.1215
SV,20,0.0
SX,20,0.9067
SY,20,0.2104
TC,20,0.8239
TD,20,0.8012
TG,20,0.0733
TH,20,0.9705
TJ,20,0.4196
TM,20,0.0013
TN,20,0.7538
TR,20,0.7033
TT,20,0.522
TW,20,0.3457
TZ,20,0.0101
UA,20,0.0
UG,20,0.295
US,20,0.0
UY,20,0.6895
UZ,20,0.5068
VA,20,0.4792
VE,20,0.8522
VG,20,0.3301
VN,20,0.3848
VU,20,0.0127
WS,20,0.2314
XK,20,0.5064
XS,20,0.0761
YE,20,0.0938
ZA,20,0.9868
ZM,20,0.0309
ZW,20,0.0025
AD,21,0.0
AE,21,0.0
AM,21,0.1291
AO,21,0.0
AR,21,0.987
AT,21,0.0
AU,21,0.0459
BD,21,0.2726
BE,21,0.0
BF,21,0.0005
BG,21,0.0
BH,21,0.8683
BJ,21,0.8347
BO,21,0.027
BR,21,0.5174
BW,21,0.3229
BY,21,0.9998
CA,21,0.4874
CD,21,0.0002
CH,21,0.0
CI,21,0.9985
CL,21,0.8177
CM,21,0.953
CN,21,0.9945
CO,21,0.9998
CR,21,0.9932
CU,21,0.1698
CY,21,0.0
CZ,21,0.0
DE,21,0.0
DK,21,0.0
DO,21,0.0
DZ,21,0.0167
EC,21,0.7883
EE,21,0.0
EG,21,0.0101
FI,21,0.0
FR,21,0.0
GB,21,0.0
GE,21,0.7175
GH,21,0.7319
GI,21,0.0
GM,21,0.9917
GN,21,0.9937
GQ,21,0.9889
GR,21,0.0
GT,21,0.9774
HK,21,0.0
HR,21,0.0
HU,21,0.0
ID,21,0.9998
IE,21,0.0
IL,21,0.0
IN,21,0.8772
IQ,21,0.9708
IR,21,0.9421
IS,21,0.9541
IT,21,0.0
JM,21,0.0573
JO,21,0.0
JP,21,0.1304
KR,21,0.9983
KW,21,0.4535
LB,21,0.0
LC,21,0.554
LK,21,0.8407
LT,21,0.0
LU,21,0.0
LV,21,0.0
MA,21,0.0
MG,21,0.9799
ML,21,1.0
MR,21,0.0
MT,21,0.1255
MU,21,0.0
MX,21,0.001
MY,21,0.0
MZ,21,0.4183
NA,21,0.8984
NG,21,0.9935
NI,21,0.0038
NL,21,0.0
NO,21,0.9985
NZ,21,1.0
OM,21,0.4285
PA,21,0.0
PE,21,0.841
PH,21,0.6751
PK,21,0.8994
PL,21,0.0
PT,21,0.0121
PY,21,0.8881
QA,21,0.858
QR,21,0.9976
QS,21,0.9096
QV,21,0.9918
QW,21,0.9954
RO,21,0.0
RU,21,0.0
SA,21,0.0
SC,21,0.9988
SE,21,0.0
SG,21,0.0
SI,21,0.0
SK,21,0.0
SL,21,0.0
SN,21,0.0
SV,21,0.2038
TH,21,1.0
TN,21,0.0
TR,21,0.0
TW,21,0.9996
TZ,21,0.8659
UA,21,0.0172
US,21,0.0
UY,21,0.9183
UZ,21,0.8294
VE,21,1.0
VN,21,0.0
XS,21,0.9937
ZA,21,0.0013
AD,22,0.0
AE,22,0.0
AI,22,1.0
AO,22,0.3052
AR,22,0.9791
AT,22,0.0
AU,22,0.0
AW,22,0.1167
BD,22,0.5132
BE,22,0.0
BF,22,0.8795
BG,22,0.0
BH,22,0.0
BJ,22,0.0
BO,22,0.6749
BR,22,0.0878
BY,22,0.9077
CA,22,1.0
CD,22,0.5208
CG,22,0.8962
CH,22,0.0
CI,22,0.7767
CL,22,0.0001
CM,22,0.3595
CN,22,0.0018
CO,22,0.9985
CR,22,0.9994
CU,22,0.3906
CW,22,0.6846
CY,22,0.0
CZ,22,0.0
DE,22,0.0
DK,22,0.0
DO,22,0.4709
DZ,22,0.0
EC,22,0.9989
EE,22,0.0002
EG,22,0.8404
FI,22,0.0
FR,22,0.0
GA,22,0.0
GB,22,0.0
GE,22,0.1983
GH,22,0.0251
GI,22,0.0
GM,22,0.9994
GN,22,0.768
GQ,22,0.4776
GR,22,0.0
GT,22,0.9234
HK,22,0.9897
HN,22,0.9113
HR,22,0.0
HU,22,0.0
ID,22,0.0032
IE,22,0.0
IL,22,0.0
IN,22,0.0004
IQ,22,0.9449
IR,22,0.0
IS,22,0.0
IT,22,0.0
JM,22,0.0933
JO,22,0.0
JP,22,0.9912
KE,22,0.5091
KH,22,0.4866
KR,22,0.0
KW,22,0.0
KZ,22,0.9981
LB,22,0.7767
LI,22,0.8002
LK,22,0.5628
LR,22,0.6451
LT,22,0.6026
LU,22,0.0
LV,22,0.0033
LY,22,0.8542
MA,22,0.0
MD,22,0.9048
ME,22,0.4899
MG,22,0.6442
MK,22,0.2235
ML,22,0.9813
MO,22,0.7882
MR,22,0.9817
MT,22,0.0
MU,22,0.636
MX,22,0.7895
MY,22,0.4867
NC,22,0.2555
NG,22,0.2912
NI,22,0.9941
NL,22,0.0
NO,22,0.001
NP,22,0.2729
NZ,22,0.0
OM,22,0.9514
PA,22,0.1479
PE,22,1.0
PF,22,0.0045
PH,22,0.9505
PK,22,0.0
PL,22,0.0
PT,22,0.0
PY,22,0.651
QA,22,0.7108
RO,22,0.0
RU,22,0.0063
SA,22,0.0
SB,22,0.2664
SD,22,0.9909
SE,22,0.0
SG,22,0.4062
SI,22,0.0
SK,22,0.0
SL,22,0.9633
SN,22,0.9988
SV,22,0.9999
SZ,22,1.0
TD,22,0.0
TG,22,0.2625
TH,22,0.8746
TN,22,0.0
TR,22,0.0
TW,22,0.8408
TZ,22,0.8937
UA,22,0.0032
UG,22,0.0
US,22,0.0
UY,22,0.0022
UZ,22,0.0
VE,22,0.8413
VN,22,0.2472
XS,22,0.0
YE,22,1.0
ZA,22,0.0
AD,23,0.0
AE,23,0.0063
AL,23,0.0343
AM,23,0.2156
AO,23,0.0013
AR,23,0.8342
AT,23,0.0
AU,23,0.0
BB,23,0.0
BD,23,0.9449
BE,23,0.0
BF,23,0.6411
BG,23,0.0
BH,23,1.0
BJ,23,0.9584
BO,23,0.9659
BR,23,0.0
BS,23,0.6337
CA,23,0.0107
CG,23,0.2114
CH,23,0.0
CI,23,0.0007
CL,23,0.0001
CM,23,0.0178
CN,23,0.0
CO,23,0.0
CR,23,0.7652
CU,23,0.9506
CV,23,0.0
CW,23,0.9567
CY,23,0.1036
CZ,23,0.0
DE,23,0.0
DK,23,0.0
DO,23,0.0
DZ,23,0.1131
EC,23,0.0
EE,23,0.0
EG,23,0.9736
FI,23,0.0
FR,23,0.0
GA,23,0.3782
GB,23,0.0
GE,23,0.0
GH,23,0.8786
GI,23,0.9384
GM,23,0.9162
GN,23,0.9872
GQ,23,0.2744
GR,23,0.0
GT,23,0.0
HK,23,0.0
HN,23,0.8299
HR,23,0.0568
HU,23,0.0
ID,23,0.032
IE,23,0.0
IL,23,0.2776
IN,23,0.708
IQ,23,0.0
IR,23,0.9944
IS,23,0.9956
IT,23,0.0
JO,23,0.9443
JP,23,0.0
KE,23,0.0047
KR,23,0.0
KW,23,0.5113
KZ,23,0.9786
LB,23,0.0
LI,23,0.0
LT,23,0.0
LU,23,0.0024
LV,23,0.0
MA,23,0.0
ME,23,0.0388
MK,23,0.7716
ML,23,1.0
MM,23,0.0823
MO,23,0.3791
MR,23,0.0002
MT,23,0.0
MU,23,0.6528
MV,23,0.7143
MX,23,0.0
MY,23,0.0
NG,23,1.0
NI,23,0.0751
NL,23,0.0
NO,23,0.0
NZ,23,0.0
OM,23,0.962
PA,23,0.9215
PE,23,0.0557
PG,23,0.0
PH,23,0.9994
PK,23,0.0738
PL,23,0.0
PT,23,0.0
PY,23,0.0
QA,23,0.2592
QR,23,1.0
QS,23,0.4264
RO,23,0.0
RU,23,0.0
SA,23,0.4874
SD,23,0.4567
SE,23,0.0
SG,23,0.0
SI,23,0.0
SK,23,0.0
SN,23,0.0075
SO,23,1.0
SV,23,0.3015
SX,23,0.4264
TH,23,0.3413
TN,23,0.0
TR,23,0.0
TT,23,0.6273
TW,23,0.0
TZ,23,0.8721
UA,23,0.0275
UG,23,0.7628
US,23,0.0
UY,23,0.0
UZ,23,0.9931
VE,23,1.0
VN,23,0.965
XK,23,0.9454
XS,23,0.0
YE,23,0.9929
ZA,23,0.0
AD,24,0.0
AE,24,0.0015
AL,24,0.359
AM,24,0.8845
AR,24,0.9788
AT,24,0.0
AU,24,0.1069
AW,24,0.0551
AZ,24,1.0
BD,24,0.0105
BE,24,0.0
BF,24,0.7215
BG,24,0.0016
BH,24,0.001
BJ,24,0.3135
BM,24,0.9922
BN,24,0.7778
BO,24,0.9395
BR,24,0.0
BY,24,0.0487
CA,24,0.0
CG,24,0.5258
CH,24,1.0
CI,24,0.7645
CL,24,0.0
CM,24,0.9434
CN,24,0.9999
CO,24,0.0
CR,24,0.1961
CU,24,0.9985
CV,24,0.9352
CW,24,0.5239
CY,24,0.2061
CZ,24,0.0
DE,24,0.0
DK,24,0.0
DO,24,0.8818
DZ,24,0.2779
EC,24,0.0017
EE,24,0.2941
EG,24,0.0
FI,24,0.0
FR,24,0.0
GA,24,0.0
GB,24,0.0
GE,24,0.9874
GH,24,0.5773
GI,24,0.0039
GM,24,0.0033
GQ,24,0.8496
GR,24,0.0
GT,24,0.005
GU,24,0.8656
GW,24,0.7349
HK,24,0.0
HN,24,0.17
HR,24,0.1398
HU,24,0.0
ID,24,0.0249
IE,24,0.0
IL,24,0.0
IN,24,0.7842
IQ,24,0.0008
IR,24,0.3774
IS,24,0.3187
IT,24,0.0
JM,24,0.9
JO,24,1.0
JP,24,0.049
KE,24,0.4899
KG,24,1.0
KR,24,0.011
KW,24,0.5577
KY,24,0.5356
KZ,24,0.1209
LB,24,0.8977
LK,24,0.2577
LT,24,0.0
LU,24,0.144
LV,24,0.0006
LY,24,0.9157
MA,24,0.0
MD,24,0.0
MG,24,0.0101
ML,24,0.5674
MO,24,0.0424
MR,24,0.0
MT,24,0.8761
MX,24,0.0001
MY,24,0.0015
NA,24,0.1853
NG,24,0.6614
NI,24,0.9588
NL,24,0.0
NO,24,0.0571
NZ,24,0.1519
OM,24,0.8005
PA,24,0.0
PE,24,0.0016
PH,24,0.0009
PK,24,0.0173
PL,24,0.0
PT,24,0.0
PY,24,0.0
QA,24,0.0002
QR,24,0.5462
QS,24,0.7623
QV,24,0.0
RO,24,0.0053
RU,24,0.0
SA,24,0.0054
SE,24,0.0
SG,24,0.0151
SI,24,0.0
SK,24,0.0
SL,24,1.0
SN,24,0.9226
SV,24,0.4559
SY,24,0.8646
TG,24,0.9995
TH,24,0.0
TN,24,0.0
TR,24,0.0
TW,24,0.2678
TZ,24,0.3942
UA,24,0.0
US,24,0.0
UY,24,0.0039
VE,24,0.5182
VN,24,0.0567
XS,24,1.0
YE,24,0.9201
ZA,24,0.0149
AD,25,1.0
AE,25,0.0
AL,25,0.0001
AM,25,0.0048
AO,25,0.9815
AR,25,0.9707
AT,25,0.0
AU,25,0.0036
AW,25,0.0284
AZ,25,0.081
BA,25,0.0
BD,25,0.0169
BE,25,0.0088
BF,25,0.9712
BG,25,0.5139
BH,25,0.858
BJ,25,0.987
BN,25,0.1722
BO,25,0.8285
BR,25,0.0
BS,25,0.8252
BY,25,0.0008
CA,25,0.0008
CD,25,0.9421
CF,25,0.0049
CG,25,0.4696
CH,25,0.0
CI,25,0.0003
CL,25,0.0
CM,25,0.9987
CN,25,0.0
CO,25,0.0
CR,25,0.0
CU,25,0.0
CW,25,0.8289
CY,25,0.0
CZ,25,0.0
DE,25,0.9302
DJ,25,0.8847
DK,25,0.4925
DO,25,0.2737
DZ,25,0.0
EC,25,0.3726
EE,25,0.0004
EG,25,0.0015
ET,25,0.4115
FI,25,0.0743
FR,25,0.9906
GA,25,0.6995
GB,25,0.3262
GE,25,0.0
GH,25,0.0311
GI,25,0.0
GM,25,1.0
GN,25,0.024
GQ,25,0.0
GR,25,0.043
GT,25,0.1687
GW,25,0.8564
HK,25,0.0004
HN,25,0.0146
HR,25,0.0
HT,25,0.0007
HU,25,0.0403
ID,25,0.0
IE,25,0.0
IL,25,0.0
IN,25,0.0
IQ,25,0.7756
IR,25,0.0228
IS,25,0.0055
IT,25,0.0
JM,25,0.2676
JO,25,0.0003
JP,25,0.0032
KE,25,0.9904
KH,25,0.9948
KR,25,0.0
KW,25,0.3399
KY,25,0.0199
KZ,25,0.0
LB,25,0.0002
LK,25,0.9303
LR,25,0.1037
LT,25,0.0
LU,25,0.0
LV,25,0.2251
LY,25,0.2462
MA,25,0.0
MD,25,0.2285
ME,25,0.0933
MG,25,0.009
ML,25,0.9939
MM,25,0.0207
MR,25,0.9229
MS,25,1.0
MT,25,0.0
MU,25,0.5791
MV,25,0.8399
MX,25,0.0
MY,25,0.3809
MZ,25,0.9462
NA,25,0.8148
NE,25,0.9516
NG,25,1.0
NI,25,0.2954
NL,25,0.0977
NO,25,0.0195
NP,25,0.079
NZ,25,0.0
OM,25,0.0
PA,25,0.5929
PE,25,0.001
PF,25,0.0
PG,25,0.0037
PH,25,0.9366
PK,25,0.0
PL,25,0.642
PT,25,0.9983
PY,25,0.7748
QA,25,0.2283
QS,25,0.0
RO,25,0.3559
RU,25,0.0
RW,25,0.715
SA,25,0.0
SC,25,0.0
SD,25,0.0102
SE,25,0.3935
SG,25,0.0785
SI,25,0.0
SK,25,0.4557
SL,25,0.6913
SN,25,0.0
SR,25,0.6538
ST,25,0.0092
SV,25,0.08
SX,25,0.4869
SY,25,0.5718
SZ,25,0.4417
TD,25,0.0261
TG,25,0.9778
TH,25,0.001
TN,25,0.0018
TR,25,0.1607
TT,25,0.5315
TW,25,0.1344
TZ,25,0.0005
UA,25,0.0017
UG,25,0.9999
US,25,0.0
UY,25,0.1989
UZ,25,0.4668
VE,25,0.0
VN,25,0.4766
XK,25,0.3166
XS,25,0.0073
YE,25,0.353
ZA,25,0.3542
ZW,25,0.0261
AD,26,0.0
AE,26,0.039
AF,26,0.1881
AL,26,0.1611
AM,26,0.1963
AO,26,0.0109
AQ,26,0.0
AR,26,0.0
AT,26,0.0
AU,26,0.0006
AZ,26,0.9903
BA,26,0.0444
BB,26,0.5817
BD,26,0.7805
BE,26,0.0
BF,26,0.3749
BG,26,0.0
BH,26,0.6673
BI,26,0.0162
BJ,26,0.9816
BM,26,0.026
BO,26,0.0068
BR,26,0.0
BT,26,0.0
BY,26,0.0087
CA,26,0.0
CD,26,0.2075
CG,26,0.8134
CH,26,0.0
CI,26,0.3522
CL,26,0.0629
CM,26,0.0004
CN,26,0.0
CO,26,0.2793
CR,26,0.0
CU,26,0.0
CV,26,0.937
CW,26,0.641
CY,26,0.0
CZ,26,0.1582
DE,26,0.0
DK,26,0.3337
DO,26,0.0
DZ,26,0.0
EC,26,0.8843
EE,26,0.0004
EG,26,0.0408
ET,26,0.0152
FI,26,0.1758
FR,26,0.0
GA,26,0.0
GB,26,0.0
GE,26,0.0583
GH,26,0.9989
GI,26,0.0
GL,26,0.7204
GM,26,0.63
GN,26,0.6097
GQ,26,0.0016
GR,26,0.0
GT,26,0.0009
GU,26,0.0461
GY,26,1.0
HK,26,0.0037
HN,26,0.0123
HR,26,0.0
HT,26,0.8168
HU,26,0.0
ID,26,0.0194
IE,26,0.0
IL,26,0.0281
IN,26,0.0019
IQ,26,0.9539
IR,26,0.5488
IS,26,0.0453
IT,26,0.0
JM,26,0.0
JO,26,0.4748
JP,26,0.6402
KE,26,0.9668
KH,26,0.0
KM,26,0.1188
KN,26,0.9366
KR,26,0.4141
KW,26,0.9734
KY,26,0.8571
KZ,26,0.4445
LA,26,0.0
LB,26,0.9909
LC,26,0.9874
LI,26,0.0295
LK,26,0.0841
LR,26,0.9969
LT,26,0.0
LU,26,0.0011
LV,26,0.0
LY,26,0.4439
MA,26,0.0
MD,26,0.0382
ME,26,0.0
MG,26,0.0037
MK,26,0.0003
ML,26,1.0
MM,26,0.5914
MN,26,0.0112
MO,26,0.0
MR,26,0.8637
MT,26,0.0
MU,26,0.9949
MV,26,0.071
MW,26,0.3957
MX,26,0.0
MY,26,0.0
MZ,26,0.5264
NA,26,0.1365
NC,26,0.0
NG,26,0.8969
NI,26,0.0036
NL,26,0.0001
NO,26,0.0
NP,26,0.8576
NZ,26,0.4764
OM,26,0.0548
PA,26,0.0022
PE,26,0.0003
PF,26,0.0
PH,26,0.7379
PK,26,0.9961
PL,26,0.026
PT,26,0.0
PY,26,0.0
QA,26,0.0308
QR,26,0.695
QS,26,0.0005
RO,26,0.0
RU,26,0.0
SA,26,0.3172
SC,26,0.0535
SD,26,0.9772
SE,26,0.0
SG,26,0.0
SI,26,0.0
SK,26,0.0748
SM,26,0.1099
SN,26,0.0
SR,26,0.9292
ST,26,0.05
SV,26,0.0
SX,26,0.0001
TC,26,0.239
TG,26,0.8957
TH,26,0.1121
TN,26,0.0
TR,26,0.9953
TT,26,1.0
TV,26,1.0
TW,26,0.0295
TZ,26,0.0004
UA,26,0.0014
UG,26,0.0
US,26,0.0
UY,26,0.0118
UZ,26,0.0374
VE,26,0.0002
VI,26,0.043
VN,26,0.0
XK,26,0.0313
XS,26,0.0
YE,26,0.8746
ZA,26,0.2979
ZM,26,0.9418
AD,27,0.0
AE,27,0.6158
AL,27,0.6755
AM,27,0.0
AO,27,0.1647
AR,27,0.8243
AT,27,0.0055
AU,27,0.9505
AZ,27,0.9982
BA,27,0.0
BD,27,0.0
BE,27,0.0
BF,27,0.0131
BG,27,0.0
BH,27,0.0001
BJ,27,0.0
BO,27,0.2673
BR,27,0.0046
CA,27,0.8009
CD,27,0.2396
CF,27,0.7535
CG,27,0.8978
CH,27,0.0
CI,27,0.8198
CL,27,0.3733
CM,27,0.0
CN,27,0.0
CO,27,0.0025
CR,27,0.0
CU,27,0.0
CV,27,0.0
CY,27,0.0
CZ,27,0.443
DE,27,0.0
DK,27,0.0
DO,27,0.0
DZ,27,0.0
EC,27,0.0
EE,27,0.0
EG,27,0.0
FI,27,0.005
FJ,27,0.8551
FR,27,0.0
GA,27,0.8001
GB,27,0.0
GE,27,0.0
GH,27,0.0494
GI,27,0.0
GN,27,0.917
GQ,27,0.4043
GR,27,0.0
GT,27,0.3361
GW,27,0.7343
HK,27,0.0839
HN,27,0.1952
HR,27,0.0
HT,27,0.0296
ID,27,0.0
IE,27,0.0
IL,27,0.0
IN,27,0.0
IQ,27,0.8938
IR,27,0.0
IS,27,0.0073
IT,27,0.0
JM,27,0.0
JO,27,0.5396
JP,27,0.0633
KE,27,0.0058
KM,27,0.1914
KR,27,0.0006
KW,27,1.0
KY,27,0.0483
KZ,27,1.0
LB,27,0.8803
LI,27,0.0015
LT,27,0.0
LU,27,0.0
LV,27,0.0143
LY,27,0.7993
MA,27,0.0
MD,27,0.5039
ME,27,0.0
MG,27,0.0
ML,27,0.6532
MR,27,0.9235
MT,27,0.0
MU,27,0.8405
MV,27,0.1709
MX,27,0.0
MY,27,0.0
NA,27,0.9502
NC,27,0.0731
NG,27,0.896
NI,27,0.0
NL,27,0.0
NO,27,0.0
NZ,27,0.0175
OM,27,0.002
PA,27,0.0265
PE,27,0.0
PF,27,0.0
PH,27,0.0086
PK,27,0.3017
PL,27,0.0
PT,27,0.0376
PY,27,1.0
QA,27,0.9748
QR,27,0.3751
QS,27,0.8108
RO,27,0.0
RU,27,0.9973
SA,27,0.1205
SE,27,0.0
SG,27,0.9825
SI,27,0.0838
SK,27,0.0
SL,27,0.0
SN,27,0.9998
SY,27,0.3268
TD,27,0.176
TG,27,0.5081
TH,27,0.0
TN,27,0.0001
TR,27,0.2388
TT,27,1.0
TW,27,0.1221
TZ,27,0.5912
UA,27,0.7767
US,27,0.7598
UY,27,0.0
VE,27,0.5244
VN,27,0.0
XS,27,0.0216
YE,27,0.8655
ZA,27,0.2632
AD,28,1.0
AE,28,1.0
AF,28,0.8619
AG,28,0.4179
AI,28,0.9824
AL,28,1.0
AM,28,0.9694
AO,28,1.0
AQ,28,0.6609
AR,28,0.9718
AS,28,0.3937
AT,28,1.0
AU,28,0.9997
AW,28,0.0295
AZ,28,1.0
BA,28,1.0
BB,28,0.0181
BD,28,1.0
BE,28,1.0
BF,28,0.8504
BG,28,1.0
BH,28,0.9995
BI,28,0.8271
BJ,28,1.0
BL,28,0.1043
BM,28,0.4371
BN,28,0.0663
BO,28,1.0
BQ,28,0.8987
BR,28,1.0
BS,28,0.4685
BT,28,0.4095
BW,28,0.838
BY,28,1.0
BZ,28,0.8806
CA,28,0.0
CD,28,1.0
CF,28,0.9737
CG,28,1.0
CH,28,0.9933
CI,28,1.0
CL,28,0.9262
CM,28,1.0
CN,28,1.0
CO,28,1.0
CR,28,1.0
CU,28,1.0
CV,28,0.0
CW,28,1.0
CY,28,1.0
CZ,28,1.0
DE,28,1.0
DJ,28,0.0
DK,28,1.0
DM,28,0.3042
DO,28,1.0
DZ,28,0.9999
EC,28,1.0
EE,28,1.0
EG,28,1.0
EH,28,0.0
ER,28,0.0291
ET,28,0.0
FI,28,0.9998
FJ,28,0.9682
FK,28,0.5643
FM,28,1.0
FO,28,0.8618
FR,28,1.0
GA,28,1.0
GB,28,1.0
GD,28,0.5491
GE,28,1.0
GH,28,1.0
GI,28,1.0
GL,28,0.3941
GM,28,0.9998
GN,28,1.0
GQ,28,1.0
GR,28,1.0
GT,28,1.0
GU,28,0.7901
GW,28,0.9987
GY,28,0.8551
HK,28,1.0
HN,28,0.9922
HR,28,1.0
HT,28,0.9998
HU,28,1.0
ID,28,0.9588
IE,28,1.0
IL,28,1.0
IN,28,1.0
IQ,28,1.0
IR,28,0.9915
IS,28,1.0
IT,28,1.0
JM,28,1.0
JO,28,1.0
JP,28,1.0
KE,28,1.0
KG,28,1.0
KH,28,0.986
KI,28,0.0
KM,28,0.9796
KN,28,0.7442
KP,28,0.5972
KR,28,1.0
KW,28,1.0
KY,28,0.7354
KZ,28,1.0
LA,28,0.1254
LB,28,1.0
LC,28,0.0889
LI,28,0.9961
LK,28,0.0001
LR,28,0.9993
LS,28,0.9915
LT,28,1.0
LU,28,1.0
LV,28,1.0
LY,28,1.0
MA,28,1.0
MD,28,1.0
ME,28,1.0
MG,28,0.9996
MH,28,0.8654
MK,28,0.9979
ML,28,0.9919
MM,28,0.3769
MN,28,0.0598
MO,28,1.0
MP,28,0.0398
MR,28,1.0
MS,28,1.0
MT,28,1.0
MU,28,1.0
MV,28,0.9984
MW,28,0.9535
MX,28,0.998
MY,28,1.0
MZ,28,1.0
NA,28,0.4238
NC,28,0.747
NE,28,1.0
NF,28,1.0
NG,28,1.0
NI,28,1.0
NL,28,1.0
NO,28,0.0031
NP,28,0.9939
NZ,28,1.0
OM,28,1.0
PA,28,1.0
PE,28,0.9976
PF,28,0.702
PG,28,0.8708
PH,28,0.9977
PK,28,1.0
PL,28,1.0
PS,28,0.0
PT,28,1.0
PY,28,1.0
QA,28,1.0
QP,28,0.2873
QR,28,0.345
QS,28,0.0048
QV,28,0.0096
QW,28,0.9414
RO,28,1.0
RU,28,1.0
RW,28,0.569
SA,28,0.9999
SB,28,0.266
SC,28,0.961
SD,28,0.9981
SE,28,1.0
SG,28,1.0
SI,28,1.0
SK,28,1.0
SL,28,0.9908
SM,28,0.0
SN,28,1.0
SO,28,0.3324
SR,28,0.418
SS,28,0.5949
ST,28,0.3612
SV,28,0.5822
SX,28,0.6709
SY,28,0.0013
SZ,28,0.9212
TC,28,0.5921
TD,28,1.0
TF,28,1.0
TG,28,1.0
TH,28,1.0
TJ,28,0.1396
TL,28,1.0
TM,28,0.0
TN,28,1.0
TO,28,0.0
TR,28,0.9013
TT,28,1.0
TV,28,0.8194
TW,28,1.0
TZ,28,0.9998
UA,28,1.0
UG,28,1.0
US,28,0.0
UY,28,0.6873
UZ,28,0.0179
VA,28,0.1085
VC,28,0.7887
VE,28,1.0
VG,28,0.938
VI,28,0.6938
VN,28,1.0
VU,28,0.0103
WF,28,0.0682
WS,28,0.0
XK,28,1.0
XS,28,1.0
YE,28,0.4863
ZA,28,1.0
ZM,28,0.6245
ZW,28,0.999
AD,29,0.0
AE,29,0.9997
AG,29,0.9076
AL,29,0.122
AM,29,0.8897
AO,29,0.9808
AR,29,1.0
AT,29,0.9295
AU,29,0.9745
AW,29,0.1619
AZ,29,0.9805
BA,29,0.3531
BB,29,0.9507
BD,29,1.0
BE,29,0.0008
BF,29,0.9522
BG,29,1.0
BH,29,0.9901
BI,29,0.8831
BJ,29,0.9978
BL,29,0.0178
BM,29,0.8535
BN,29,0.9507
BO,29,0.9434
BR,29,0.9803
BS,29,0.9592
BW,29,0.1041
BY,29,0.4779
BZ,29,0.8323
CA,29,1.0
CD,29,0.3432
CG,29,0.7956
CH,29,1.0
CI,29,0.9999
CL,29,1.0
CM,29,1.0
CN,29,0.8903
CO,29,0.0
CR,29,0.0
CU,29,0.0
CV,29,0.6744
CW,29,0.7443
CY,29,0.0
CZ,29,1.0
DE,29,0.0
DK,29,0.0
DO,29,0.6417
DZ,29,0.0
EC,29,0.9999
EE,29,0.9184
EG,29,0.0634
ER,29,0.0
ET,29,0.9324
FI,29,1.0
FJ,29,0.587
FK,29,0.0
FO,29,0.9406
FR,29,0.0
GA,29,0.9235
GB,29,0.0
GD,29,0.0
GE,29,0.0527
GH,29,1.0
GI,29,1.0
GL,29,0.8975
GM,29,0.0
GN,29,0.0527
GQ,29,0.0
GR,29,1.0
GT,29,0.5003
GU,29,0.0
GW,29,0.9219
HK,29,0.9643
HN,29,0.6368
HR,29,0.9991
HT,29,0.1511
HU,29,1.0
ID,29,0.0025
IE,29,1.0
IL,29,0.0
IN,29,1.0
IQ,29,0.9847
IR,29,0.0438
IS,29,0.0809
IT,29,0.0
JM,29,0.5501
JO,29,0.7122
JP,29,0.892
KE,29,0.0178
KG,29,0.805
KH,29,0.9719
KM,29,0.5228
KR,29,0.8622
KW,29,0.9989
KY,29,0.0281
KZ,29,0.0456
LB,29,0.0
LC,29,0.0072
LI,29,0.7665
LK,29,0.9942
LT,29,1.0
LU,29,0.0062
LV,29,1.0
LY,29,0.0007
MA,29,0.0132
MD,29,0.0032
ME,29,0.8366
MG,29,0.9791
MK,29,0.0049
ML,29,0.9959
MM,29,1.0
MN,29,0.3865
MO,29,1.0
MP,29,1.0
MR,29,0.987
MT,29,1.0
MU,29,0.0744
MV,29,0.4146
MW,29,0.3954
MX,29,0.0662
MY,29,0.9999
MZ,29,0.8597
NA,29,0.1757
NC,29,0.9998
NE,29,0.8008
NG,29,0.9676
NI,29,0.0003
NL,29,0.0378
NO,29,1.0
NP,29,0.9417
NZ,29,0.983
OM,29,0.2849
PA,29,0.0
PE,29,0.9999
PF,29,1.0
PH,29,0.7251
PK,29,1.0
PL,29,1.0
PS,29,1.0
PT,29,0.3762
PY,29,0.8763
QA,29,0.9968
QR,29,0.9998
QS,29,0.6015
RO,29,1.0
RU,29,0.0
RW,29,0.9602
SA,29,0.0
SC,29,0.053
SD,29,0.142
SE,29,0.2363
SG,29,1.0
SH,29,0.0
SI,29,0.9943
SK,29,1.0
SL,29,0.6513
SM,29,0.0896
SN,29,0.5132
SO,29,0.9964
SR,29,0.0
SV,29,1.0
SX,29,0.0
SY,29,0.9717
TD,29,1.0
TG,29,0.9895
TH,29,0.101
TK,29,0.0
TL,29,0.3574
TN,29,0.0
TO,29,0.0
TR,29,1.0
TT,29,0.3073
TW,29,1.0
TZ,29,0.8482
UA,29,0.0241
UG,29,0.8791
US,29,0.9971
UY,29,1.0
UZ,29,0.9765
VE,29,0.9898
VG,29,0.0167
VI,29,0.4078
VN,29,0.7524
WS,29,0.2317
XK,29,0.5446
XS,29,0.0113
YE,29,0.0488
ZA,29,0.0
ZM,29,0.9971
ZW,29,0.8336
AD,30,0.2417
AE,30,0.0237
AF,30,0.7856
AG,30,0.0005
AL,30,0.4751
AM,30,0.1225
AO,30,0.0016
AR,30,0.253
AS,30,1.0
AT,30,0.2254
AU,30,0.5962
AW,30,0.0
AZ,30,0.139
BA,30,0.0586
BB,30,0.9904
BD,30,1.0
BE,30,1.0
BF,30,0.0
BG,30,0.9432
BH,30,0.4812
BJ,30,0.3239
BL,30,0.9482
BM,30,0.6969
BN,30,0.3461
BO,30,1.0
BR,30,0.0154
BS,30,0.8211
BW,30,0.7932
BY,30,0.9983
BZ,30,0.0637
CA,30,0.9233
CD,30,0.0067
CF,30,0.9058
CG,30,0.0081
CH,30,0.0
CI,30,0.0
CL,30,0.0099
CM,30,0.068
CN,30,0.8247
CO,30,0.1127
CR,30,1.0
CU,30,0.0
CV,30,0.0
CW,30,0.0055
CY,30,0.0285
CZ,30,0.1007
DE,30,0.0
DJ,30,0.986
DK,30,0.0188
DM,30,0.2551
DO,30,0.9996
DZ,30,0.1179
EC,30,0.0039
EE,30,0.0556
EG,30,0.008
ER,30,0.8
ET,30,0.9885
FI,30,0.0025
FJ,30,0.9018
FR,30,0.0
GA,30,0.0127
GB,30,0.3978
GD,30,0.2051
GE,30,0.9996
GH,30,0.0
GI,30,0.0
GM,30,0.0
GN,30,0.1319
GQ,30,0.0146
GR,30,0.9767
GT,30,0.3064
GW,30,0.3702
GY,30,0.3907
HK,30,1.0
HN,30,0.4412
HR,30,1.0
HT,30,0.2492
HU,30,0.0
ID,30,0.9999
IE,30,0.2727
IL,30,0.7427
IN,30,0.0
IQ,30,0.9907
IR,30,0.0558
IS,30,0.0
IT,30,0.0
JM,30,0.3521
JO,30,0.0
JP,30,0.9994
KE,30,0.8265
KG,30,0.8635
KH,30,0.0088
KM,30,0.4061
KR,30,0.7235
KW,30,0.0015
KY,30,0.6988
KZ,30,0.0
LB,30,0.8378
LC,30,0.8095
LI,30,0.974
LK,30,0.879
LR,30,0.9715
LT,30,0.9989
LU,30,0.0
LV,30,0.9999
LY,30,0.0
MA,30,0.0
MD,30,0.2389
ME,30,0.0
MG,30,0.0
MK,30,0.9748
ML,30,0.5772
MM,30,0.9518
MN,30,0.6207
MO,30,0.0057
MR,30,0.0002
MT,30,1.0
MU,30,0.0
MV,30,0.0072
MW,30,0.2026
MX,30,0.0022
MY,30,0.0046
MZ,30,0.7905
NA,30,0.8131
NC,30,0.003
NE,30,0.0061
NG,30,0.0
NI,30,0.9369
NL,30,0.99
NO,30,0.0
NP,30,0.8859
NZ,30,0.7062
OM,30,0.0
PA,30,0.832
PE,30,0.8822
PF,30,0.0069
PG,30,0.0
PH,30,1.0
PK,30,1.0
PL,30,0.0
PS,30,0.29
PT,30,0.9914
PY,30,0.8832
QA,30,0.0088
QR,30,0.7819
QS,30,0.9995
RO,30,0.2458
RU,30,0.4703
RW,30,0.0696
SA,30,0.0068
SC,30,0.0723
SD,30,0.2959
SE,30,0.0324
SG,30,0.2578
SI,30,0.7857
SK,30,0.049
SL,30,0.2662
SM,30,0.3148
SN,30,0.1918
SO,30,1.0
SR,30,0.0
ST,30,0.0482
SV,30,0.002
SX,30,0.0014
SY,30,0.2957
SZ,30,0.0921
TD,30,0.0
TG,30,0.882
TH,30,0.9163
TJ,30,0.6345
TM,30,0.0115
TN,30,0.813
TR,30,1.0
TT,30,1.0
TW,30,1.0
TZ,30,0.0
UA,30,0.9505
UG,30,0.0024
US,30,0.0
UY,30,0.014
UZ,30,0.8586
VE,30,0.0004
VI,30,0.6792
VN,30,0.9415
VU,30,0.4231
XK,30,0.0065
XS,30,0.0
YE,30,0.4202
ZA,30,0.0
ZM,30,0.4161
ZW,30,0.0253
AD,31,0.0014
AE,31,0.021
AL,31,0.0
AM,31,0.36
AO,31,0.7861
AR,31,0.0138
AT,31,0.0
AU,31,0.0003
AZ,31,0.0
BA,31,0.0
BB,31,0.1177
BD,31,0.2686
BE,31,0.0
BF,31,0.0964
BG,31,0.0
BH,31,0.0
BJ,31,0.0016
BM,31,0.0
BN,31,0.9536
BO,31,0.2047
BQ,31,0.6733
BR,31,0.3207
BS,31,0.6358
BT,31,0.0801
BW,31,0.0002
BY,31,0.0
CA,31,0.0006
CD,31,0.0
CF,31,0.0
CG,31,0.7916
CH,31,0.0
CI,31,0.4807
CL,31,0.0003
CM,31,1.0
CN,31,0.0159
CO,31,0.0618
CR,31,0.025
CU,31,0.0
CV,31,0.205
CW,31,0.0007
CY,31,0.0
CZ,31,0.0
DE,31,0.0
DK,31,0.0
DO,31,0.0081
DZ,31,0.0
EC,31,0.9138
EE,31,0.0
EG,31,0.0
ER,31,0.2944
ET,31,0.3073
FI,31,0.0
FJ,31,0.1249
FO,31,0.097
FR,31,0.0
GA,31,0.5004
GB,31,0.0
GE,31,0.0033
GH,31,0.253
GI,31,0.0
GL,31,0.0136
GM,31,0.0062
GN,31,0.9997
GQ,31,0.0
GR,31,0.0
GT,31,0.8614
GW,31,0.0
GY,31,0.0385
HK,31,0.0
HN,31,0.0003
HR,31,0.0
HT,31,0.6778
HU,31,0.0
ID,31,0.0003
IE,31,0.0
IL,31,0.0
IN,31,0.0216
IQ,31,0.0015
IR,31,0.0
IS,31,0.0007
IT,31,0.0
JM,31,0.0071
JO,31,0.0
JP,31,0.009
KE,31,0.0116
KG,31,0.0
KH,31,0.9977
KM,31,0.6053
KR,31,0.0005
KW,31,0.0
KZ,31,0.0003
LA,31,0.3372
LB,31,0.0
LI,31,0.0
LK,31,0.0
LR,31,0.0107
LT,31,0.0
LU,31,0.0
LV,31,0.0
LY,31,0.0013
MA,31,0.0
MD,31,0.0029
ME,31,0.0
MG,31,0.6152
MK,31,0.0
ML,31,0.0001
MM,31,0.0095
MO,31,0.0145
MR,31,0.2691
MT,31,0.0
MU,31,0.136
MV,31,0.7439
MX,31,0.6322
MY,31,0.002
MZ,31,0.3331
NA,31,0.9684
NC,31,0.0073
NG,31,0.0
NI,31,0.2275
NL,31,0.0
NO,31,0.0
NZ,31,0.0
OM,31,0.0
PA,31,0.0011
PE,31,0.9131
PF,31,0.1883
PH,31,0.0
PK,31,0.0
PL,31,0.0
PS,31,0.8083
PT,31,0.0
PY,31,0.0825
QA,31,0.0
QR,31,0.7291
QS,31,0.8837
QV,31,0.9887
QW,31,0.9987
RO,31,0.0
RU,31,0.0
RW,31,0.0
SA,31,0.0
SC,31,0.9754
SD,31,0.0979
SE,31,0.0
SG,31,0.0
SI,31,0.0
SK,31,0.0
SL,31,0.0
SM,31,0.0
SN,31,0.2229
SR,31,0.995
SV,31,0.0009
SX,31,0.1876
SY,31,0.0646
SZ,31,1.0
TD,31,0.0565
TG,31,0.8001
TH,31,0.0005
TM,31,0.5168
TN,31,0.0
TR,31,0.0
TT,31,0.3133
TW,31,0.5308
TZ,31,0.5509
UA,31,0.0
UG,31,0.0092
US,31,0.9313
UY,31,0.0
UZ,31,0.0695
VE,31,0.0002
VN,31,0.0168
XK,31,0.327
XS,31,0.0
YE,31,0.967
ZA,31,0.0019
ZM,31,0.7279
ZW,31,0.0242
AD,32,0.0
AE,32,0.0
AM,32,0.4853
AO,32,0.0012
AR,32,0.0
AT,32,0.0
AU,32,0.0074
AW,32,0.1259
AZ,32,0.8608
BA,32,0.0
BD,32,0.9998
BE,32,0.0
BF,32,0.7274
BG,32,0.0002
BH,32,0.0
BJ,32,0.7297
BM,32,0.9429
BN,32,0.809
BO,32,0.0
BR,32,0.0
BY,32,0.6942
CA,32,0.9195
CD,32,0.0
CF,32,0.4867
CG,32,0.6939
CH,32,0.3493
CI,32,0.8108
CL,32,0.0
CM,32,0.0004
CN,32,0.0038
CO,32,0.0
CR,32,0.0022
CU,32,0.0
CV,32,0.0
CW,32,0.0703
CY,32,0.0037
CZ,32,0.0
DE,32,0.0
DK,32,0.0
DO,32,0.0
DZ,32,0.0
EC,32,0.0
EE,32,0.0
EG,32,0.0
FI,32,0.0531
FJ,32,0.301
FO,32,0.4545
FR,32,0.9559
GA,32,0.0
GB,32,1.0
GE,32,0.5146
GH,32,0.5262
GI,32,0.0092
GN,32,0.9621
GQ,32,0.2166
GR,32,0.0
GT,32,0.0075
GW,32,0.0
HK,32,1.0
HN,32,0.315
HR,32,0.0
HU,32,0.0
ID,32,1.0
IE,32,0.0
IL,32,0.0
IN,32,1.0
IR,32,0.0
IS,32,0.039
IT,32,0.0
JM,32,1.0
JP,32,0.0192
KE,32,0.0461
KH,32,0.1098
KR,32,0.0381
KW,32,0.0
KY,32,0.81
KZ,32,0.9172
LB,32,0.0
LK,32,0.4296
LR,32,0.0025
LT,32,0.0
LU,32,0.9998
LV,32,0.0
MA,32,0.0
MD,32,0.5247
MK,32,0.9791
ML,32,0.0623
MN,32,0.0
MO,32,0.0064
MR,32,0.9984
MT,32,0.1143
MU,32,0.0004
MV,32,0.3888
MX,32,0.0
MY,32,0.0
NC,32,0.2524
NG,32,0.0
NL,32,0.6328
NO,32,0.2858
NP,32,0.2396
NZ,32,0.5138
OM,32,0.8639
PA,32,0.0
PE,32,0.0
PH,32,0.1186
PK,32,0.9653
PL,32,0.9992
PT,32,1.0
PY,32,0.0
QA,32,0.002
QS,32,0.9596
RO,32,0.0
RU,32,1.0
SA,32,0.0
SD,32,0.0
SE,32,0.0
SG,32,0.0138
SI,32,0.001
SK,32,0.0
SL,32,0.5164
SN,32,0.9997
SO,32,0.2869
SS,32,0.6613
SV,32,0.25
TC,32,0.4952
TD,32,0.677
TG,32,0.0164
TH,32,0.0
TN,32,0.4738
TR,32,1.0
TT,32,0.0307
TW,32,0.8044
UA,32,0.0044
UG,32,0.2716
US,32,0.0
UY,32,0.0
UZ,32,0.631
VE,32,0.0
VN,32,0.0026
XS,32,0.8315
ZA,32,0.0004
ZM,32,0.0
AD,33,0.0
AE,33,0.0
AG,33,0.0344
AI,33,0.7742
AM,33,0.0
AO,33,0.0349
AR,33,0.9743
AT,33,0.0
AU,33,0.0034
AW,33,0.3105
AZ,33,0.0
BA,33,0.0
BB,33,0.0051
BD,33,0.6878
BE,33,0.0
BF,33,0.8465
BG,33,0.0
BH,33,0.6673
BJ,33,1.0
BO,33,0.0
BR,33,0.0017
BS,33,0.8156
BY,33,0.1572
CA,33,0.0234
CG,33,0.7288
CH,33,0.0
CI,33,0.2733
CL,33,0.5448
CM,33,0.5798
CN,33,0.0
CO,33,0.3921
CR,33,0.0457
CU,33,0.0876
CY,33,0.9651
CZ,33,0.0
DE,33,0.0
DK,33,0.0
DM,33,0.2435
DO,33,0.4784
DZ,33,0.0
EC,33,0.998
EE,33,0.0
EG,33,0.0
ET,33,0.8282
FI,33,0.0
FJ,33,0.0074
FR,33,0.0
GA,33,0.0444
GB,33,0.0
GD,33,0.0711
GE,33,0.9123
GH,33,0.009
GI,33,0.8834
GM,33,0.389
GN,33,0.4281
GQ,33,0.6556
GR,33,0.0
GT,33,0.5236
HK,33,0.6452
HN,33,0.8641
HR,33,0.0975
HT,33,0.0037
HU,33,0.0
ID,33,0.9885
IE,33,0.0
IL,33,0.0173
IN,33,0.0
IQ,33,0.0
IR,33,0.9981
IS,33,0.0315
IT,33,0.0
JM,33,0.7422
JO,33,0.0001
JP,33,0.0039
KE,33,0.2481
KH,33,0.3841
KN,33,0.0608
KR,33,0.0
KW,33,0.0
KZ,33,0.0
LB,33,0.0
LC,33,0.2595
LI,33,0.659
LK,33,0.2649
LT,33,0.0
LU,33,0.0
LV,33,0.0
LY,33,0.0
MA,33,0.0
ME,33,1.0
MK,33,0.9747
ML,33,0.0766
MO,33,0.0156
MR,33,0.0666
MS,33,0.2606
MT,33,0.0002
MU,33,0.6046
MW,33,0.6954
MX,33,0.0001
MY,33,0.904
MZ,33,0.7785
NA,33,0.6642
NE,33,0.0164
NG,33,0.0756
NI,33,0.287
NL,33,0.0
NO,33,0.0
NZ,33,0.9931
OM,33,0.3045
PA,33,0.3244
PE,33,0.0
PH,33,0.0123
PK,33,0.3015
PL,33,0.0
PS,33,0.3697
PT,33,0.0
PY,33,0.9956
QA,33,0.0
QR,33,0.7147
QS,33,0.8141
RO,33,0.0
RU,33,0.0
SA,33,0.0
SC,33,0.0138
SD,33,0.6847
SE,33,0.0
SG,33,0.025
SI,33,0.0
SK,33,0.0
SM,33,0.0
SN,33,0.9999
SV,33,0.7685
SY,33,0.0
TG,33,0.0
TH,33,0.0
TM,33,0.0154
TN,33,0.0401
TR,33,0.0
TT,33,0.6703
TW,33,0.0106
TZ,33,0.8826
UA,33,0.0
UG,33,0.0
US,33,0.0007
UY,33,0.999
UZ,33,0.0
VC,33,0.5848
VE,33,0.9995
VG,33,0.0548
VN,33,0.0009
XK,33,0.3231
XS,33,0.0
ZA,33,0.0
ZM,33,0.9157
ZW,33,0.0
AD,34,0.0
AE,34,0.2495
AL,34,0.0
AM,34,0.0005
AO,34,0.7281
AR,34,0.0
AT,34,0.0
AU,34,0.0
AZ,34,0.409
BA,34,1.0
BE,34,0.0
BG,34,0.0
BH,34,0.0
BJ,34,0.1168
BN,34,0.3481
BO,34,0.8661
BR,34,0.2733
CA,34,1.0
CG,34,0.0
CH,34,0.7414
CI,34,0.0
CL,34,0.0
CM,34,0.4191
CN,34,0.0
CO,34,0.0
CR,34,0.0
CU,34,0.0
CW,34,0.0
CY,34,0.0
CZ,34,0.0
DE,34,0.0
DK,34,0.0
DO,34,0.2954
DZ,34,0.0
EC,34,0.0
EE,34,0.0
EG,34,0.0
ET,34,0.2901
FI,34,0.0
FR,34,0.0
GA,34,0.0
GB,34,0.0
GE,34,0.0069
GH,34,0.8469
GI,34,0.0
GM,34,0.0
GN,34,0.0
GQ,34,0.0
GR,34,0.0
GT,34,0.0
GW,34,0.173
HK,34,0.0
HN,34,1.0
HR,34,0.0
HT,34,0.0001
HU,34,0.0
ID,34,0.427
IE,34,0.0
IL,34,0.0
IN,34,0.0
IQ,34,0.0
IR,34,0.1623
IS,34,0.0008
IT,34,0.0
JO,34,0.7861
JP,34,0.0001
KE,34,0.0
KR,34,1.0
KW,34,0.0012
LB,34,0.1295
LR,34,0.0539
LT,34,0.0
LU,34,0.0
LV,34,0.0
LY,34,0.0
MA,34,0.0
MD,34,0.009
ME,34,0.1285
MK,34,0.2176
MM,34,0.1188
MR,34,0.0
MT,34,0.0
MU,34,0.0028
MV,34,0.106
MX,34,0.0
MY,34,0.0
MZ,34,0.0
NG,34,0.0
NI,34,1.0
NL,34,0.0
NO,34,0.8826
NP,34,0.0006
NZ,34,0.0
PA,34,0.0
PE,34,0.2061
PH,34,0.0
PK,34,0.0
PL,34,0.0
PT,34,0.0
PY,34,0.0
RO,34,0.0
RU,34,0.0
SA,34,0.9048
SD,34,0.1949
SE,34,0.0
SG,34,0.0
SI,34,0.0
SK,34,0.0
SL,34,0.0
SN,34,0.0
SO,34,0.4382
SV,34,0.0022
SY,34,0.0017
TD,34,0.0
TH,34,0.5996
TN,34,0.0
TR,34,0.0
TT,34,0.0
TW,34,0.0024
UA,34,0.0
UG,34,0.9998
US,34,0.0
UY,34,0.0
VE,34,0.4793
VN,34,0.0444
XK,34,0.5826
XS,34,0.0005
YE,34,0.0996
ZA,34,0.0
AD,35,0.0
AE,35,0.0
AG,35,0.8927
AL,35,0.9538
AM,35,0.0
AO,35,0.7284
AR,35,0.1542
AT,35,0.2519
AU,35,0.0
AZ,35,0.9824
BA,35,0.582
BD,35,0.0
BE,35,0.0
BF,35,0.0001
BG,35,0.0
BH,35,0.9336
BJ,35,0.0001
BM,35,0.009
BN,35,0.6329
BO,35,0.3049
BR,35,0.0
BW,35,0.0148
BY,35,0.2622
CA,35,0.0007
CD,35,0.3505
CG,35,0.0044
CH,35,0.0
CI,35,0.5939
CL,35,0.0
CM,35,0.9302
CN,35,0.0
CO,35,0.3871
CR,35,0.0
CU,35,0.0
CV,35,1.0
CY,35,0.5653
CZ,35,0.0
DE,35,0.2341
DK,35,0.0
DO,35,0.0
DZ,35,0.8143
EC,35,0.332
EE,35,0.0
EG,35,0.9638
ET,35,0.0
FI,35,0.0
FJ,35,0.1731
FK,35,0.621
FO,35,0.7227
FR,35,0.0
GA,35,0.2592
GB,35,0.0
GE,35,0.0138
GH,35,0.1594
GI,35,0.0
GM,35,0.0315
GN,35,0.0001
GQ,35,0.0
GR,35,0.0
GT,35,0.6384
GW,35,1.0
GY,35,0.0
HK,35,0.0
HR,35,0.0056
HT,35,0.8993
HU,35,0.0501
ID,35,0.0
IE,35,0.0
IL,35,0.0
IN,35,0.2869
IQ,35,0.7586
IR,35,0.3102
IS,35,0.5674
IT,35,0.2514
JM,35,0.1207
JO,35,0.901
JP,35,0.0009
KE,35,0.5895
KM,35,0.3626
KN,35,0.0213
KR,35,0.0453
KW,35,0.0
LA,35,0.011
LB,35,0.0
LK,35,0.348
LR,35,0.0118
LT,35,0.0
LU,35,0.0103
LV,35,0.0009
LY,35,0.2442
MA,35,0.0
MD,35,0.5251
ME,35,0.1389
MG,35,0.3579
MH,35,0.8888
MK,35,0.0922
ML,35,0.0
MR,35,1.0
MT,35,0.0004
MU,35,0.9037
MX,35,0.7371
MY,35,0.3518
NA,35,0.9585
NC,35,0.0
NE,35,0.0
NG,35,0.0042
NL,35,0.0
NO,35,0.0005
NZ,35,0.4496
OM,35,0.3249
PA,35,0.2106
PE,35,0.6447
PF,35,0.0
PH,35,0.4311
PK,35,0.0538
PL,35,0.0
PT,35,0.0
PY,35,0.8719
QA,35,0.9525
QP,35,0.0943
QR,35,1.0
QS,35,0.9834
QV,35,0.9999
QW,35,1.0
RO,35,0.0002
RU,35,0.0
SA,35,0.0
SC,35,0.9984
SD,35,0.4529
SE,35,0.0
SG,35,0.001
SI,35,0.5947
SK,35,0.1332
SL,35,0.292
SM,35,0.0
SN,35,0.9349
SR,35,0.0143
SX,35,0.576
SY,35,0.8701
TG,35,0.0
TH,35,0.0034
TN,35,0.0399
TR,35,0.0
TT,35,1.0
TW,35,0.0
TZ,35,0.4005
UA,35,0.2164
US,35,0.0
UY,35,0.4777
VE,35,0.7334
VG,35,0.0
VN,35,0.7721
XS,35,0.0
ZA,35,0.2058
AD,36,0.0
AE,36,0.0
AF,36,0.4634
AG,36,0.0747
AI,36,1.0
AL,36,0.0
AM,36,0.0014
AO,36,0.017
AR,36,0.5698
AT,36,0.0
AU,36,0.0
AW,36,0.0
AZ,36,0.0042
BA,36,0.0
BD,36,0.2091
BE,36,0.0
BG,36,0.0
BH,36,0.5996
BJ,36,0.1336
BM,36,0.1363
BO,36,0.9886
BR,36,0.345
BS,36,0.9728
CA,36,0.0222
CD,36,0.4192
CF,36,0.8449
CG,36,0.6839
CH,36,0.0
CI,36,0.6229
CL,36,0.9688
CM,36,0.0
CN,36,0.0
CO,36,0.1533
CR,36,0.0
CU,36,0.0106
CV,36,0.0
CW,36,0.8861
CY,36,0.0
CZ,36,0.0
DE,36,0.0
DK,36,0.0
DO,36,0.0
DZ,36,0.0
EC,36,0.1447
EE,36,0.0066
EG,36,0.0
ET,36,0.2659
FI,36,0.0
FJ,36,0.8923
FK,36,0.904
FR,36,0.0
GA,36,0.6333
GB,36,0.0044
GE,36,0.0
GH,36,0.8387
GI,36,0.0001
GM,36,0.0396
GN,36,0.0
GQ,36,0.0444
GR,36,0.0
GT,36,0.0005
GU,36,0.0
GW,36,0.6623
HK,36,0.0
HN,36,0.9588
HR,36,0.0
HT,36,0.2326
HU,36,0.0
ID,36,0.0
IE,36,0.0009
IL,36,0.3099
IN,36,0.0004
IR,36,0.0
IS,36,0.0805
IT,36,0.0
JM,36,0.2868
JO,36,0.8474
JP,36,0.0
KH,36,0.3505
KM,36,0.3725
KR,36,0.0005
KW,36,0.0066
KY,36,0.6704
KZ,36,0.9456
LB,36,0.0174
LC,36,0.3785
LI,36,0.4376
LK,36,0.0046
LT,36,0.0
LU,36,0.0
LV,36,0.0
LY,36,0.5688
MA,36,0.0
MD,36,0.0
ME,36,0.0
MG,36,0.9398
MK,36,0.0
ML,36,0.2654
MR,36,0.0
MT,36,0.0
MU,36,0.7821
MV,36,0.9486
MX,36,0.0013
MY,36,0.8592
MZ,36,0.0
NA,36,0.9075
NG,36,0.9348
NI,36,0.7338
NL,36,0.0
NO,36,0.0036
NZ,36,0.6371
OM,36,0.4557
PA,36,0.0004
PE,36,0.0026
PF,36,0.769
PG,36,0.0219
PH,36,0.7675
PK,36,0.0
PL,36,0.0
PT,36,0.0098
PY,36,0.9305
QA,36,0.7471
QR,36,0.4947
QS,36,0.9946
QV,36,0.9504
QW,36,0.4327
RO,36,0.0
RU,36,0.2836
SA,36,0.1207
SC,36,0.6677
SE,36,0.0
SG,36,0.2745
SI,36,0.0
SK,36,0.0
SN,36,0.0
SV,36,0.0725
SX,36,0.7668
SY,36,0.0007
TG,36,0.3129
TH,36,0.0
TL,36,0.232
TN,36,0.0
TR,36,0.0
TW,36,0.5235
TZ,36,0.6155
UA,36,0.0
US,36,0.0
UY,36,0.0
VE,36,0.9998
VN,36,0.2364
XK,36,0.0031
XS,36,0.0
YE,36,0.8724
ZA,36,0.0001
AD,37,0.0
AE,37,0.0
AL,37,0.942
AM,37,0.0544
AO,37,0.1594
AR,37,0.9975
AT,37,0.0
AU,37,0.2533
BA,37,1.0
BD,37,0.5115
BE,37,0.0
BF,37,0.1158
BG,37,0.0
BH,37,0.7277
BJ,37,0.0
BM,37,0.9113
BO,37,0.9996
BR,37,0.6924
BS,37,0.648
BY,37,0.0464
CA,37,0.0
CF,37,0.4747
CH,37,0.6078
CI,37,0.0102
CL,37,0.1536
CM,37,0.5711
CN,37,0.0
CO,37,0.7164
CR,37,0.9996
CU,37,0.0
CV,37,0.5864
CY,37,0.0
CZ,37,0.0
DE,37,0.0
DJ,37,0.356
DK,37,0.0
DO,37,0.9314
DZ,37,0.9884
EC,37,1.0
EE,37,0.0
EG,37,0.9993
ET,37,0.0
FI,37,0.0
FR,37,0.0
GA,37,0.8721
GB,37,0.0
GE,37,0.0
GH,37,0.9998
GI,37,0.2435
GN,37,0.9298
GQ,37,0.9984
GR,37,0.0
GT,37,0.043
HK,37,0.0
HN,37,0.034
HR,37,0.0
HU,37,0.0
ID,37,0.1529
IE,37,0.0
IL,37,0.0
IN,37,0.996
IQ,37,0.9899
IR,37,0.6814
IT,37,0.0
JO,37,1.0
JP,37,0.0
KE,37,0.0
KR,37,0.0
KW,37,0.9947
KZ,37,0.7621
LB,37,0.9456
LI,37,0.8172
LT,37,0.0
LU,37,0.0
LV,37,0.9563
LY,37,0.9657
MA,37,0.0
ML,37,0.5456
MM,37,0.0001
MR,37,0.5884
MT,37,0.0
MX,37,0.0
MY,37,0.1754
NA,37,0.0305
NG,37,0.9569
NI,37,0.3214
NL,37,0.0
NO,37,0.157
NZ,37,0.2296
OM,37,0.8281
PA,37,0.0154
PE,37,0.0791
PH,37,0.013
PK,37,0.7161
PL,37,0.0
PT,37,0.0
PY,37,0.4206
QA,37,0.9654
RO,37,0.0
RU,37,0.0327
SA,37,0.9782
SD,37,0.7048
SE,37,0.0
SG,37,0.0
SI,37,0.0
SK,37,0.0
SN,37,0.9651
SV,37,0.0098
SY,37,0.7957
TH,37,0.0528
TN,37,0.4739
TR,37,0.0
TW,37,0.0
UA,37,0.9996
US,37,0.0
UY,37,0.8533
VE,37,1.0
VN,37,0.416
XK,37,0.9468
XS,37,0.6845
YE,37,0.975
ZA,37,0.0
AD,38,0.801
AE,38,0.1645
AO,38,0.6034
AR,38,0.9975
AT,38,0.0
AU,38,0.0741
BD,38,1.0
BE,38,0.0037
BF,38,0.0933
BG,38,0.0
BJ,38,0.1782
BO,38,0.9403
BR,38,1.0
CA,38,0.0005
CD,38,0.3523
CH,38,0.0
CI,38,0.8876
CL,38,0.9888
CN,38,1.0
CO,38,0.9978
CR,38,0.4022
CU,38,0.0
CV,38,0.8049
CW,38,0.8447
CY,38,0.0011
CZ,38,0.0
DE,38,0.0
DK,38,0.0034
DO,38,0.9554
DZ,38,0.2707
EC,38,0.9975
EE,38,0.0848
EG,38,0.9027
ET,38,0.0
FI,38,0.2234
FR,38,0.0
GA,38,0.0966
GB,38,0.0
GH,38,0.0024
GI,38,0.0003
GM,38,0.0133
GN,38,0.0001
GQ,38,0.5181
GR,38,0.0
GT,38,0.3198
GW,38,0.6139
HK,38,0.0
HR,38,0.0003
HU,38,0.0
ID,38,0.0013
IE,38,0.0
IL,38,0.6621
IN,38,1.0
IQ,38,0.7028
IS,38,0.0167
IT,38,0.0
JM,38,0.0353
JO,38,0.0276
JP,38,0.0151
KE,38,0.0
KN,38,0.0585
KR,38,0.6065
KW,38,0.1953
KY,38,0.3793
LB,38,0.2597
LK,38,0.0
LR,38,0.0
LT,38,0.0298
LU,38,0.2763
LV,38,0.0685
LY,38,0.4489
MA,38,0.0
MD,38,0.3719
MG,38,0.8813
ML,38,0.4378
MR,38,0.0
MT,38,0.0
MV,38,0.3918
MX,38,0.0
MY,38,0.0
NG,38,0.0
NI,38,0.0
NL,38,0.0
NO,38,0.184
NP,38,0.1327
NZ,38,0.1926
OM,38,0.2995
PA,38,0.844
PE,38,0.9984
PH,38,0.2377
PK,38,0.9979
PL,38,0.0185
PT,38,0.0
PY,38,0.8052
QA,38,0.029
QP,38,0.0
QR,38,0.0388
QS,38,0.1967
QW,38,0.2212
RO,38,0.3618
RU,38,0.2568
SA,38,0.5975
SC,38,0.479
SE,38,0.023
SG,38,0.2329
SI,38,0.0689
SK,38,0.188
SL,38,0.8509
SN,38,0.0
SV,38,0.0
SX,38,0.0201
SY,38,0.3463
TG,38,0.094
TH,38,0.1503
TN,38,0.4015
TR,38,1.0
TW,38,0.0016
UA,38,0.6881
US,38,0.0
UY,38,0.9939
VE,38,0.0004
VI,38,0.41
VN,38,0.9261
YE,38,0.3495
ZA,38,0.8135
AD,39,0.0
AE,39,0.0
AG,39,0.3698
AL,39,0.0
AM,39,0.0036
AO,39,0.9958
AR,39,0.0
AT,39,0.0
AU,39,0.0317
AW,39,0.373
AZ,39,0.888
BA,39,0.0002
BB,39,1.0
BD,39,0.9847
BE,39,0.0
BF,39,0.4276
BG,39,0.0
BH,39,0.6617
BJ,39,0.6347
BL,39,0.4668
BO,39,0.13
BR,39,0.0188
BS,39,0.0189
BY,39,0.3172
CA,39,0.002
CD,39,0.7249
CG,39,0.3768
CH,39,0.0
CI,39,0.0006
CL,39,0.0044
CM,39,0.9991
CN,39,0.1268
CO,39,0.0491
CR,39,0.0002
CU,39,0.0
CV,39,0.9589
CY,39,0.0
CZ,39,0.0
DE,39,0.0
DK,39,0.0
DO,39,0.045
DZ,39,0.0
EC,39,0.042
EE,39,0.0
EG,39,0.975
ET,39,0.9659
FI,39,0.0
FO,39,0.0529
FR,39,0.0
GA,39,0.8017
GB,39,0.0
GE,39,0.3538
GH,39,1.0
GI,39,0.0
GN,39,0.9502
GQ,39,1.0
GR,39,0.0
GT,39,0.2777
HK,39,1.0
HN,39,0.4686
HR,39,0.0
HT,39,0.1617
HU,39,0.0
ID,39,0.9995
IE,39,0.0
IL,39,0.0273
IN,39,0.9998
IQ,39,0.9798
IR,39,0.0065
IS,39,0.0
IT,39,0.0
JM,39,0.0
JO,39,0.0
JP,39,0.0
KE,39,0.0036
KG,39,0.0
KH,39,0.6839
KR,39,0.5909
KW,39,0.5077
KZ,39,0.988
LB,39,0.269
LI,39,0.4495
LK,39,1.0
LR,39,0.1787
LT,39,0.0
LU,39,0.0
LV,39,0.0
LY,39,0.9079
MA,39,0.0003
MD,39,0.8091
ME,39,0.9032
MG,39,0.9881
MK,39,0.6982
ML,39,0.5684
MM,39,0.3114
MO,39,0.9308
MR,39,0.0993
MT,39,0.0
MU,39,0.0054
MX,39,0.0419
MY,39,0.0517
MZ,39,0.8308
NA,39,0.0
NC,39,1.0
NG,39,0.1357
NI,39,0.0158
NL,39,0.0
NO,39,0.0
NP,39,0.4587
NZ,39,0.0
OM,39,0.8072
PA,39,0.0015
PE,39,0.0
PF,39,0.5965
PH,39,0.0065
PK,39,0.9788
PL,39,0.0
PS,39,0.2175
PT,39,0.0
PY,39,0.5088
QA,39,0.112
QR,39,0.9838
QS,39,1.0
QW,39,0.0
RO,39,0.0
RU,39,0.0032
SA,39,0.1829
SC,39,1.0
SD,39,0.46
SE,39,0.0
SG,39,0.0
SI,39,0.0
SK,39,0.0
SL,39,0.629
SN,39,0.9516
SV,39,1.0
SY,39,0.8283
SZ,39,0.1701
TG,39,0.9974
TH,39,0.0
TJ,39,0.8757
TM,39,0.3243
TN,39,0.013
TR,39,0.9754
TT,39,1.0
TW,39,0.0
TZ,39,0.3881
UA,39,0.0
US,39,0.9768
UY,39,0.0012
VE,39,0.989
VN,39,0.0
XK,39,0.9787
XS,39,0.0
YE,39,0.5254
ZA,39,0.0
ZM,39,0.8188
ZW,39,0.0005
AD,40,0.0
AE,40,1.0
AM,40,0.9991
AO,40,0.0
AR,40,0.549
AT,40,0.0
AU,40,0.9999
AZ,40,0.0
BA,40,0.1168
BD,40,0.5156
BE,40,0.0
BG,40,0.0683
BH,40,0.986
BJ,40,0.8994
BO,40,0.9974
BR,40,0.0
BS,40,0.8151
BY,40,1.0
CA,40,0.9994
CG,40,0.6966
CH,40,0.7673
CI,40,0.5975
CL,40,0.0
CM,40,0.0619
CN,40,0.0138
CO,40,0.0018
CR,40,0.4794
CU,40,0.0
CV,40,0.7191
CY,40,0.2805
CZ,40,0.0
DE,40,0.0
DJ,40,0.7932
DK,40,0.0
DO,40,0.9998
DZ,40,0.0
EC,40,0.805
EE,40,1.0
EG,40,0.9682
ET,40,0.8677
FI,40,0.0
FR,40,0.0
GB,40,0.0
GE,40,0.7506
GH,40,0.9326
GI,40,0.0
GM,40,0.0766
GN,40,0.0
GQ,40,0.0
GR,40,0.0
HK,40,0.0015
HR,40,0.0001
HU,40,0.0011
ID,40,1.0
IE,40,0.0
IL,40,0.0
IN,40,0.9267
IQ,40,0.808
IR,40,0.3087
IS,40,0.2269
IT,40,0.0
JO,40,0.9207
JP,40,0.7457
KE,40,0.4194
KR,40,0.9366
KW,40,0.7473
KZ,40,0.0783
LB,40,0.0999
LK,40,0.8418
LR,40,0.9626
LT,40,0.0
LU,40,0.0008
LV,40,0.0
MA,40,0.0
MD,40,0.9392
ME,40,0.9099
MG,40,0.0
MK,40,0.4622
ML,40,0.7352
MR,40,0.6111
MT,40,0.0012
MU,40,0.8743
MX,40,0.0297
MY,40,0.1408
NC,40,0.2547
NG,40,0.6262
NI,40,0.6336
NL,40,0.0
NO,40,0.1701
NP,40,0.5606
NZ,40,0.4705
OM,40,1.0
PA,40,0.4744
PE,40,0.9177
PH,40,0.0945
PK,40,0.0005
PL,40,0.0
PT,40,0.0
PY,40,0.9986
QA,40,0.6691
QR,40,0.5064
QS,40,0.6849
RO,40,0.0
RU,40,0.0
SA,40,0.7404
SE,40,0.0
SG,40,0.9667
SI,40,0.0067
SK,40,0.3513
SL,40,0.7715
SN,40,0.0037
TG,40,0.3328
TH,40,0.9916
TN,40,0.0
TR,40,0.0
TW,40,0.9984
UA,40,0.0
US,40,0.9998
UY,40,0.3778
VE,40,0.8222
VN,40,0.1032
XS,40,0.0
YE,40,0.8792
ZA,40,0.0
AD,41,0.0
AE,41,0.0061
AF,41,0.0036
AG,41,0.5681
AI,41,0.8488
AL,41,0.1918
AM,41,0.0
AO,41,0.6102
AR,41,0.8376
AT,41,0.0001
AU,41,0.0
AW,41,0.2924
AZ,41,0.0
BA,41,0.0
BB,41,0.0681
BD,41,0.4063
BE,41,0.0029
BF,41,0.0067
BG,41,0.0
BH,41,0.0
BJ,41,0.0
BN,41,0.1152
BO,41,0.5184
BR,41,0.1336
BW,41,0.181
BY,41,0.8467
BZ,41,0.0104
CA,41,0.0
CD,41,0.7185
CF,41,0.0003
CG,41,0.0173
CH,41,0.9629
CI,41,0.0
CL,41,0.7449
CM,41,0.0
CN,41,0.0254
CO,41,0.396
CR,41,0.0055
CU,41,0.5353
CV,41,0.003
CW,41,0.7984
CY,41,0.0002
CZ,41,0.0
DE,41,0.042
DJ,41,0.2036
DK,41,0.0024
DM,41,0.3928
DO,41,0.1165
DZ,41,0.0
EC,41,0.1169
EE,41,0.0009
EG,41,0.0011
ET,41,0.4324
FI,41,0.0
FO,41,0.9674
FR,41,0.2482
GA,41,0.0445
GB,41,0.0
GE,41,0.0
GH,41,0.1068
GI,41,1.0
GL,41,0.8946
GM,41,0.0
GN,41,0.752
GQ,41,0.0
GR,41,0.0
GT,41,0.8437
GU,41,0.0
GW,41,0.2332
HK,41,0.0007
HN,41,0.3971
HR,41,0.0
HT,41,0.2948
HU,41,0.0
ID,41,0.0
IE,41,0.0
IL,41,0.0
IN,41,0.0
IQ,41,0.0
IR,41,0.8729
IS,41,0.0002
IT,41,0.0009
JM,41,0.9789
JO,41,0.5924
JP,41,0.1405
KE,41,0.1583
KG,41,0.1208
KH,41,0.0064
KM,41,0.1542
KR,41,0.0227
KW,41,0.8018
KY,41,0.0002
KZ,41,0.0
LB,41,0.034
LC,41,0.0548
LI,41,0.9708
LK,41,0.0
LR,41,0.0
LT,41,0.0
LU,41,0.0
LV,41,0.0
LY,41,0.8798
MA,41,1.0
MD,41,0.0762
ME,41,0.7625
MG,41,0.9035
MK,41,0.0168
ML,41,0.0
MM,41,0.3012
MN,41,0.9516
MO,41,0.7242
MR,41,0.006
MS,41,1.0
MT,41,0.0
MU,41,0.0
MV,41,0.135
MX,41,0.0
MY,41,0.0
MZ,41,0.0
NA,41,0.179
NC,41,0.9072
NE,41,0.5248
NG,41,0.9998
NI,41,0.0621
NL,41,0.001
NO,41,0.0
NP,41,0.143
NZ,41,0.0
OM,41,0.0
PA,41,0.7607
PE,41,0.0004
PF,41,0.0084
PH,41,0.0328
PK,41,0.0
PL,41,0.0016
PS,41,0.6101
PT,41,0.0
PY,41,1.0
QA,41,0.441
QR,41,0.0
QS,41,0.0282
QV,41,0.9013
QW,41,0.9988
RO,41,0.0
RU,41,0.0
RW,41,0.0017
SA,41,0.0
SC,41,0.0
SD,41,0.0182
SE,41,0.0
SG,41,0.0002
SI,41,0.0095
SK,41,0.0
SL,41,0.5105
SM,41,0.0455
SN,41,0.1898
SO,41,0.4993
SR,41,0.0882
ST,41,0.0
SV,41,0.6463
SX,41,0.4179
SY,41,0.9999
SZ,41,1.0
TD,41,0.0
TG,41,0.6653
TH,41,0.0
TJ,41,0.4351
TL,41,0.414
TM,41,0.0458
TN,41,0.1259
TR,41,0.9531
TT,41,0.4752
TW,41,0.9811
TZ,41,0.0056
UA,41,0.0
UG,41,1.0
US,41,0.0
UY,41,0.3772
UZ,41,0.1696
VE,41,0.0373
VG,41,0.9041
VI,41,1.0
VN,41,0.0
XK,41,0.7082
XS,41,0.1632
YE,41,0.361
ZA,41,0.004
ZM,41,0.1428
AD,42,0.0
AE,42,0.7147
AM,42,0.3731
AO,42,0.9454
AR,42,0.9778
AT,42,0.0
AU,42,0.8391
BA,42,0.0
BD,42,0.1376
BE,42,0.0
BF,42,0.2788
BG,42,0.0146
BM,42,0.9139
BO,42,0.9984
BR,42,0.1414
BY,42,0.0022
CA,42,1.0
CH,42,0.0
CI,42,0.5064
CL,42,0.0
CN,42,0.0
CO,42,1.0
CR,42,0.0
CU,42,0.0464
CV,42,0.0877
CY,42,0.1636
CZ,42,0.0
DE,42,0.0
DK,42,0.0
DO,42,0.9922
DZ,42,0.0133
EC,42,0.2707
EE,42,0.0001
FI,42,0.0
FR,42,0.0
GB,42,0.0
GE,42,0.1976
GH,42,0.9999
GI,42,0.0
GM,42,0.9867
GN,42,0.9454
GQ,42,0.9985
GR,42,0.0
GT,42,0.161
HK,42,0.9699
HN,42,0.1083
HR,42,0.0
HU,42,0.0
IE,42,0.0
IL,42,0.0
IN,42,0.2069
IQ,42,0.9428
IR,42,0.9395
IT,42,0.0
JM,42,0.19
JO,42,0.6129
JP,42,0.0
KE,42,0.0
KH,42,0.0
KR,42,0.1238
KZ,42,0.0
LB,42,0.8592
LC,42,0.3671
LT,42,0.0012
LU,42,0.0048
MA,42,0.0
MM,42,0.627
MR,42,0.9509
MT,42,0.5586
MU,42,0.2192
MV,42,0.9006
MX,42,0.0
MY,42,0.0
MZ,42,0.1979
NG,42,0.9997
NL,42,0.0
NO,42,0.0
NZ,42,0.8984
OM,42,0.917
PA,42,0.0462
PE,42,0.1525
PH,42,0.8036
PK,42,0.4732
PL,42,0.0
PT,42,0.0
PY,42,0.8814
QA,42,0.0
RO,42,0.0
RU,42,0.0
SA,42,0.9842
SE,42,0.0
SG,42,0.9821
SI,42,0.0
SK,42,0.0
SN,42,0.2597
TH,42,0.3322
TN,42,0.9809
TR,42,0.0
TW,42,0.9906
UA,42,0.7609
US,42,0.0125
UY,42,0.4914
VN,42,0.068
XS,42,0.0003
YE,42,0.0505
ZA,42,0.0923
AD,43,1.0
AE,43,0.9474
AF,43,0.0897
AG,43,0.9232
AL,43,0.3155
AM,43,0.8694
AO,43,0.0098
AR,43,0.0567
AT,43,0.9822
AU,43,0.5533
AW,43,0.0997
AZ,43,1.0
BA,43,0.2803
BB,43,0.8623
BD,43,0.004
BE,43,0.6782
BF,43,0.0009
BG,43,0.0923
BH,43,0.0013
BI,43,0.5756
BJ,43,0.5661
BL,43,0.0058
BM,43,0.9861
BN,43,0.7018
BO,43,0.8996
BR,43,0.9911
BW,43,0.9107
BY,43,0.0008
BZ,43,0.0
CA,43,0.9965
CD,43,0.0
CG,43,0.9991
CH,43,0.0
CI,43,0.5719
CL,43,0.6253
CM,43,0.0347
CN,43,0.9876
CO,43,0.0017
CR,43,0.7382
CU,43,0.0009
CV,43,0.0005
CW,43,0.0
CY,43,0.0144
CZ,43,0.0
DE,43,0.0011
DJ,43,0.9386
DK,43,0.9965
DM,43,0.7468
DO,43,0.9666
DZ,43,0.5608
EC,43,0.1336
EE,43,0.9827
EG,43,0.0007
ET,43,0.9848
FI,43,0.9916
FO,43,0.4406
FR,43,0.0
GA,43,0.0153
GB,43,0.0
GD,43,0.6441
GE,43,0.0127
GH,43,0.4263
GI,43,0.9824
GM,43,0.9368
GN,43,0.9951
GQ,43,0.0
GR,43,0.9817
GT,43,0.2861
GU,43,0.9152
GW,43,0.0
GY,43,0.0731
HK,43,1.0
HN,43,0.0
HR,43,0.9353
HT,43,0.3433
HU,43,0.0
ID,43,0.1037
IE,43,0.9766
IL,43,0.0009
IN,43,0.5825
IQ,43,0.5241
IR,43,0.5361
IS,43,0.0
IT,43,0.0
JM,43,0.8011
JO,43,0.0001
JP,43,1.0
KE,43,0.5039
KH,43,0.645
KM,43,0.964
KR,43,0.9549
KW,43,0.9977
KY,43,0.9683
KZ,43,0.4522
LA,43,0.3412
LB,43,0.1864
LC,43,0.8825
LI,43,0.0
LK,43,0.0
LR,43,0.1502
LT,43,1.0
LU,43,0.3564
LV,43,0.6456
LY,43,0.5178
MA,43,0.0
MD,43,0.8649
ME,43,0.0312
MG,43,0.6382
MK,43,0.9797
ML,43,0.9895
MM,43,0.3192
MN,43,0.032
MO,43,0.9446
MR,43,0.3364
MT,43,0.0
MU,43,0.0665
MV,43,0.8343
MW,43,0.0417
MX,43,0.3812
MY,43,0.3945
MZ,43,0.1261
NA,43,0.2594
NC,43,0.4999
NE,43,0.9114
NG,43,1.0
NI,43,0.1632
NL,43,1.0
NO,43,0.0
NP,43,0.9218
NZ,43,0.6207
OM,43,0.1928
PA,43,0.9993
PE,43,0.0064
PF,43,0.0012
PH,43,0.9753
PK,43,0.5983
PL,43,0.0
PT,43,0.0
PY,43,0.4959
QA,43,0.3926
QR,43,0.9904
QS,43,1.0
QV,43,0.024
QW,43,0.0
RO,43,0.6972
RU,43,0.9931
RW,43,0.7812
SA,43,0.9998
SC,43,0.5274
SD,43,0.0058
SE,43,0.4561
SG,43,0.8451
SI,43,0.0
SK,43,0.9994
SL,43,0.8345
SM,43,0.0151
SN,43,1.0
SO,43,0.0
SR,43,0.0
SS,43,0.7311
SV,43,0.9976
SX,43,0.0648
SY,43,0.0134
TC,43,0.4833
TD,43,0.4146
TG,43,0.0003
TH,43,0.0445
TN,43,0.6573
TR,43,0.1019
TT,43,0.0093
TW,43,1.0
TZ,43,0.0
UA,43,0.1779
UG,43,0.5507
US,43,0.6411
UY,43,0.826
UZ,43,0.4683
VA,43,1.0
VE,43,0.9763
VG,43,0.3301
VN,43,0.9493
XK,43,0.0109
XS,43,0.0
YE,43,0.1011
ZA,43,0.0
ZM,43,0.2708
ZW,43,0.0278
AD,44,0.0
AE,44,0.998
AL,44,0.9799
AO,44,0.6218
AR,44,0.0195
AT,44,0.0
AU,44,0.0
BA,44,1.0
BD,44,0.5204
BE,44,0.0
BF,44,0.9249
BG,44,0.0
BH,44,1.0
BN,44,0.9625
BO,44,0.8481
BR,44,0.0071
BY,44,0.7778
CA,44,0.7628
CG,44,0.7521
CH,44,0.3388
CI,44,0.8023
CL,44,0.0
CM,44,0.7679
CN,44,0.0
CO,44,0.0
CR,44,0.7411
CU,44,0.0238
CY,44,0.0001
CZ,44,0.0865
DE,44,0.0
DK,44,0.0
DO,44,0.0061
DZ,44,0.0
EC,44,0.7329
EE,44,0.0
EG,44,0.989
ET,44,0.9469
FI,44,0.0224
FR,44,0.0
GB,44,0.0
GE,44,0.7211
GH,44,0.9806
GI,44,0.9687
GM,44,0.0169
GQ,44,0.8614
GR,44,0.0
GT,44,0.0
HK,44,0.0004
HN,44,0.0
HR,44,0.0
HU,44,0.0
ID,44,0.9826
IE,44,0.0
IL,44,0.6497
IN,44,0.1693
IQ,44,0.7989
IR,44,0.9728
IS,44,0.397
IT,44,0.0
JM,44,1.0
JO,44,0.997
JP,44,0.0
KE,44,0.2489
KR,44,0.2036
KW,44,0.8062
KZ,44,0.0963
LB,44,0.9984
LK,44,0.9627
LT,44,0.0
LU,44,0.0
LV,44,0.0
MA,44,0.0
MD,44,0.4323
MK,44,0.9291
MR,44,0.8818
MT,44,0.0
MU,44,0.1648
MW,44,0.684
MX,44,0.0
NC,44,0.6472
NG,44,0.1461
NI,44,0.2939
NL,44,0.0
NO,44,0.9989
NP,44,0.5383
NZ,44,0.4979
OM,44,0.998
PA,44,0.9904
PE,44,0.1278
PH,44,0.6864
PK,44,0.0065
PL,44,0.0
PT,44,0.0
PY,44,0.4426
QA,44,0.9994
RO,44,0.0
RU,44,0.0
SA,44,0.303
SD,44,0.9541
SE,44,0.0
SG,44,0.9985
SI,44,0.3455
SK,44,0.0
SL,44,0.8446
SN,44,0.3014
SV,44,0.0042
SY,44,0.0
SZ,44,0.318
TG,44,0.8404
TH,44,0.4724
TN,44,0.0001
TR,44,0.0164
TW,44,0.8707
TZ,44,0.8807
UA,44,0.0217
UG,44,1.0
US,44,0.0
UY,44,0.0045
UZ,44,0.0391
VE,44,0.5455
VG,44,0.5256
VN,44,0.6819
XK,44,0.9664
XS,44,0.9822
YE,44,0.8887
ZA,44,0.0145
AD,45,0.1935
AE,45,0.0002
AG,45,0.38
AL,45,0.0832
AM,45,0.0
AO,45,0.3824
AR,45,1.0
AT,45,0.0002
AU,45,0.0
AW,45,0.0
AZ,45,0.0239
BA,45,0.1534
BB,45,0.0491
BD,45,0.0
BE,45,0.8155
BF,45,0.585
BG,45,0.0005
BH,45,0.0417
BJ,45,0.0063
BL,45,0.477
BO,45,0.4804
BR,45,0.0
BW,45,0.9619
BY,45,0.5072
BZ,45,0.0
CA,45,0.6368
CD,45,0.9645
CF,45,0.9684
CG,45,0.594
CH,45,0.3032
CI,45,0.0
CL,45,0.0006
CM,45,0.3283
CN,45,0.9999
CO,45,0.4223
CR,45,0.0003
CU,45,0.0
CV,45,0.4344
CW,45,0.0393
CY,45,0.0
CZ,45,0.0
DE,45,0.9503
DJ,45,0.6714
DK,45,0.525
DO,45,0.1344
DZ,45,0.0
EC,45,0.2907
EE,45,0.0
EG,45,0.0571
ET,45,0.8916
FI,45,0.0001
FJ,45,0.5899
FO,45,0.7577
FR,45,0.0
GA,45,0.9831
GB,45,0.0028
GE,45,0.0464
GH,45,0.0894
GI,45,0.0
GM,45,0.5938
GN,45,0.9995
GQ,45,1.0
GR,45,0.0
GT,45,0.7936
GW,45,0.4576
GY,45,0.6601
HK,45,0.7813
HN,45,0.0174
HR,45,0.0
HT,45,0.3178
HU,45,0.0
ID,45,0.0005
IE,45,0.0669
IL,45,0.0006
IN,45,0.1491
IQ,45,0.0063
IR,45,0.141
IS,45,0.3961
IT,45,0.0
JM,45,0.6952
JO,45,0.1516
JP,45,0.7498
KE,45,0.0069
KG,45,0.0162
KH,45,0.0
KM,45,0.3377
KR,45,0.0
KW,45,0.0373
KZ,45,0.0137
LB,45,0.0
LC,45,0.6666
LI,45,0.4327
LK,45,0.8548
LR,45,0.022
LT,45,0.1359
LU,45,0.0
LV,45,0.325
LY,45,0.0006
MA,45,0.0155
MD,45,0.4272
ME,45,0.0909
MG,45,0.7385
MK,45,0.4489
ML,45,0.9926
MM,45,0.4492
MN,45,0.8332
MO,45,0.1491
MR,45,0.0
MT,45,0.0099
MU,45,0.0421
MV,45,0.3982
MW,45,0.3921
MX,45,0.9576
MY,45,0.0272
MZ,45,0.6099
NA,45,0.3935
NC,45,0.9218
NE,45,0.0
NG,45,1.0
NI,45,0.6716
NL,45,0.8561
NO,45,0.9882
NP,45,0.7386
NZ,45,0.0
OM,45,0.1515
PA,45,0.1649
PE,45,0.1488
PF,45,0.7028
PH,45,0.0005
PK,45,0.0905
PL,45,0.1299
PT,45,0.0
PY,45,0.9997
QA,45,0.0736
QR,45,0.9535
QS,45,0.9939
QW,45,0.9594
RO,45,0.0022
RU,45,0.0
RW,45,0.0
SA,45,0.0
SC,45,0.8206
SD,45,0.8995
SE,45,0.8561
SG,45,0.0074
SI,45,0.0782
SK,45,0.0016
SL,45,0.7133
SM,45,0.0
SN,45,0.0
SO,45,0.0929
ST,45,0.1705
SV,45,0.0478
SY,45,0.2667
TG,45,0.9909
TH,45,0.0
TM,45,0.2591
TN,45,0.0604
TR,45,0.018
TT,45,0.0
TW,45,0.5128
TZ,45,0.0
UA,45,0.1295
UG,45,0.0
US,45,0.7236
UY,45,0.3599
UZ,45,0.0237
VC,45,0.6363
VE,45,0.7305
VG,45,0.3346
VN,45,0.0443
WS,45,0.0
XK,45,0.0075
XS,45,0.0005
YE,45,0.9487
ZA,45,0.0
ZM,45,0.6779
ZW,45,0.5755
AD,46,1.0
AE,46,1.0
AF,46,0.0
AG,46,0.3904
AL,46,0.8313
AM,46,0.2677
AO,46,0.1445
AQ,46,0.3035
AR,46,0.0
AS,46,1.0
AT,46,0.0683
AU,46,1.0
AW,46,0.1401
AZ,46,0.0043
BA,46,0.4046
BB,46,0.9606
BD,46,0.082
BE,46,1.0
BF,46,0.831
BG,46,0.9707
BH,46,0.989
BJ,46,0.9991
BL,46,0.5426
BM,46,0.7365
BN,46,0.9462
BO,46,0.9997
BR,46,0.5254
BS,46,0.7674
BW,46,0.188
BY,46,0.842
BZ,46,0.8971
CA,46,0.986
CD,46,0.1031
CF,46,0.9992
CG,46,0.9847
CH,46,0.5582
CI,46,0.0
CL,46,1.0
CM,46,0.0022
CN,46,0.9616
CO,46,1.0
CR,46,1.0
CU,46,1.0
CV,46,0.1564
CW,46,0.3765
CY,46,0.9996
CZ,46,1.0
DE,46,1.0
DJ,46,0.1522
DK,46,1.0
DM,46,0.4322
DO,46,1.0
DZ,46,1.0
EC,46,0.9999
EE,46,1.0
EG,46,0.1337
ER,46,0.0
ET,46,0.9996
FI,46,1.0
FJ,46,0.0059
FK,46,0.8411
FR,46,1.0
GA,46,0.086
GB,46,1.0
GD,46,0.6531
GE,46,0.9821
GH,46,0.9912
GI,46,0.1316
GL,46,0.0434
GM,46,0.0611
GN,46,0.009
GQ,46,1.0
GR,46,1.0
GT,46,0.88
GU,46,0.8996
GW,46,0.4105
GY,46,0.6871
HK,46,1.0
HN,46,0.1409
HR,46,0.9985
HT,46,0.747
HU,46,0.4746
ID,46,0.072
IE,46,0.9978
IL,46,0.9996
IN,46,0.0211
IQ,46,0.8438
IR,46,0.9716
IS,46,0.368
IT,46,1.0
JM,46,0.9891
JO,46,1.0
JP,46,1.0
KE,46,0.9521
KG,46,0.9098
KH,46,0.5553
KM,46,0.0536
KP,46,0.7401
KR,46,0.0
KW,46,0.993
KY,46,0.3773
KZ,46,0.6455
LA,46,0.8817
LB,46,0.999
LC,46,0.8802
LI,46,0.9829
LK,46,0.0018
LR,46,0.9727
LS,46,0.8086
LT,46,1.0
LU,46,0.9867
LV,46,1.0
LY,46,1.0
MA,46,1.0
MD,46,0.5601
ME,46,0.1006
MG,46,0.1137
MH,46,0.9455
MK,46,0.0
ML,46,0.3603
MM,46,0.4094
MN,46,0.6648
MO,46,0.9359
MP,46,0.5339
MR,46,0.9999
MT,46,0.9546
MU,46,0.9997
MV,46,0.103
MW,46,0.0888
MX,46,0.3144
MY,46,1.0
MZ,46,0.0159
NA,46,0.1252
NC,46,0.9986
NE,46,0.9927
NG,46,0.9936
NI,46,0.8483
NL,46,0.4566
NO,46,0.4117
NP,46,0.3105
NZ,46,0.936
OM,46,0.5518
PA,46,1.0
PE,46,1.0
PF,46,0.9749
PG,46,0.0205
PH,46,0.9988
PK,46,1.0
PL,46,1.0
PS,46,0.0014
PT,46,0.0121
PW,46,0.4375
PY,46,0.9995
QA,46,1.0
QR,46,0.8655
QS,46,0.9973
QV,46,0.8433
RO,46,1.0
RU,46,0.0
RW,46,0.7996
SA,46,1.0
SC,46,0.7688
SD,46,0.199
SE,46,1.0
SG,46,0.9997
SI,46,0.975
SK,46,1.0
SL,46,0.1397
SM,46,0.0028
SN,46,0.9998
SO,46,0.1226
SR,46,0.8944
ST,46,0.929
SV,46,0.9611
SX,46,0.6804
SY,46,0.6269
TC,46,0.7152
TD,46,0.9986
TG,46,0.1457
TH,46,0.0
TJ,46,0.2265
TM,46,0.0062
TN,46,1.0
TR,46,0.0
TT,46,0.761
TV,46,1.0
TW,46,0.0
TZ,46,0.8483
UA,46,0.0
UG,46,0.6908
US,46,0.2353
UY,46,1.0
UZ,46,0.8649
VC,46,0.0801
VE,46,1.0
VG,46,0.9397
VI,46,0.1941
VN,46,0.279
VU,46,0.4223
XK,46,0.5539
XS,46,1.0
YE,46,0.3657
ZA,46,0.0002
ZM,46,0.1084
ZW,46,0.1375
AD,47,0.0
AE,47,0.0
AF,47,1.0
AG,47,0.719
AL,47,0.3181
AM,47,0.0
AO,47,0.0379
AR,47,0.0
AT,47,0.3437
AU,47,0.0
AW,47,0.381
AZ,47,0.6323
BA,47,0.0
BD,47,0.7622
BE,47,0.0035
BF,47,0.9253
BG,47,0.0001
BH,47,0.0
BI,47,0.7151
BJ,47,0.9927
BM,47,0.0664
BO,47,0.7021
BR,47,0.0
BZ,47,0.0393
CA,47,0.9759
CD,47,0.9206
CF,47,0.8409
CG,47,0.1459
CH,47,0.0
CI,47,0.0
CL,47,0.0
CM,47,0.6601
CN,47,0.0
CO,47,0.0
CR,47,0.0055
CU,47,0.837
CV,47,0.0
CW,47,0.0001
CY,47,0.0
CZ,47,0.0
DE,47,0.0
DJ,47,0.0005
DK,47,0.0002
DM,47,0.75
DO,47,0.0413
DZ,47,0.0
EC,47,0.0
EE,47,0.0108
EG,47,0.0
ET,47,0.3344
FI,47,0.0
FR,47,0.0
GA,47,0.9076
GB,47,0.0
GE,47,0.0
GH,47,0.0603
GI,47,0.0
GM,47,0.0
GN,47,0.9813
GQ,47,0.0
GR,47,0.001
GT,47,0.0001
GU,47,0.9921
HK,47,0.778
HN,47,0.2874
HR,47,0.0
HU,47,0.0
ID,47,0.9639
IE,47,0.0
IL,47,0.0
IN,47,0.0
IQ,47,0.0
IR,47,0.0
IS,47,0.0
IT,47,0.0
JM,47,0.1563
JO,47,0.691
JP,47,0.0
KE,47,0.0
KG,47,0.0722
KH,47,0.4339
KN,47,0.5591
KR,47,0.0
KW,47,0.0
KY,47,0.9796
KZ,47,0.0
LB,47,0.0
LK,47,0.5073
LR,47,0.7635
LT,47,0.0302
LU,47,0.0046
LV,47,0.7965
LY,47,0.9522
MA,47,0.0
MD,47,0.0025
ME,47,0.3856
MG,47,0.0
ML,47,0.3845
MM,47,0.0
MN,47,0.0
MO,47,0.0649
MR,47,0.7241
MT,47,0.0
MU,47,0.0
MV,47,0.2306
MX,47,0.0
MY,47,0.0001
MZ,47,0.0
NA,47,0.8967
NC,47,0.0
NG,47,0.7451
NI,47,0.0001
NL,47,0.1264
NO,47,0.0
NZ,47,0.0
OM,47,0.0
PA,47,0.315
PE,47,0.6012
PH,47,0.5999
PK,47,0.0
PL,47,0.1465
PS,47,0.0096
PT,47,0.0
PY,47,1.0
QA,47,0.0
QR,47,0.5517
QS,47,0.0571
QV,47,0.0
RO,47,0.0057
RU,47,0.0002
RW,47,0.1106
SA,47,0.0036
SC,47,0.3234
SD,47,0.0
SE,47,0.0
SG,47,0.0
SI,47,0.0
SK,47,0.0
SL,47,0.4931
SN,47,0.0
ST,47,0.0806
SV,47,0.006
SY,47,0.0985
TG,47,0.0261
TH,47,0.9163
TN,47,0.0005
TR,47,0.0
TT,47,0.4048
TW,47,0.9439
TZ,47,0.0
UA,47,0.0
UG,47,0.5369
US,47,0.9785
UY,47,0.0
VE,47,0.9975
VI,47,0.3346
VN,47,0.9957
XS,47,0.1261
YE,47,0.3546
ZA,47,0.0
ZM,47,0.0
ZW,47,0.1186
AD,48,0.0276
AE,48,0.1152
AF,48,0.0
AG,48,0.8246
AI,48,0.5458
AL,48,0.0011
AM,48,0.6305
AO,48,0.3217
AQ,48,0.5742
AR,48,0.9837
AT,48,0.0
AU,48,0.4589
AW,48,0.8286
AZ,48,0.4991
BA,48,0.0
BB,48,0.4101
BD,48,0.0
BE,48,0.0
BF,48,0.0
BG,48,0.0
BH,48,0.0
BI,48,0.3123
BJ,48,0.5726
BL,48,0.0388
BM,48,0.0166
BN,48,0.8558
BO,48,0.9761
BR,48,1.0
BS,48,0.704
BT,48,0.0
BW,48,0.0013
BY,48,0.0
CA,48,0.3072
CD,48,0.4149
CF,48,0.9892
CG,48,0.8866
CH,48,0.0
CI,48,0.1009
CL,48,1.0
CM,48,0.8805
CN,48,1.0
CO,48,0.9999
CR,48,0.9516
CU,48,1.0
CV,48,0.0
CW,48,0.9899
CY,48,0.0
CZ,48,0.0
DE,48,0.0
DJ,48,0.813
DK,48,0.0
DM,48,1.0
DO,48,0.7167
DZ,48,0.0
EC,48,0.3889
EE,48,0.0
EG,48,0.0325
EH,48,0.9868
ER,48,0.7956
ET,48,0.0
FI,48,0.0
FJ,48,0.0573
FK,48,0.8131
FO,48,1.0
FR,48,0.0
GA,48,0.022
GB,48,0.0
GD,48,0.8707
GE,48,0.8364
GH,48,0.7739
GI,48,0.0
GL,48,0.0
GM,48,0.9967
GN,48,0.7015
GQ,48,0.0873
GR,48,0.0
GT,48,0.7332
GU,48,0.0
GW,48,0.9492
GY,48,0.95
HK,48,0.0596
HN,48,0.0373
HR,48,0.0
HT,48,0.6056
HU,48,0.0
ID,48,0.0212
IE,48,0.0
IL,48,0.0
IN,48,0.0
IQ,48,0.0116
IR,48,0.4905
IS,48,0.7524
IT,48,0.0
JM,48,0.3656
JO,48,0.9014
JP,48,0.9999
KE,48,0.7677
KG,48,1.0
KH,48,0.3811
KP,48,0.6246
KR,48,0.1393
KW,48,0.3903
KY,48,0.7773
KZ,48,0.0
LA,48,0.0
LB,48,0.116
LC,48,0.0674
LI,48,0.002
LK,48,0.0
LR,48,0.0005
LT,48,0.0
LU,48,0.0
LV,48,0.0
LY,48,0.3105
MA,48,0.0
MD,48,0.0
ME,48,0.0
MG,48,0.1908
MH,48,0.3287
MK,48,0.0
ML,48,0.9739
MM,48,0.0
MN,48,0.6432
MO,48,0.9998
MR,48,0.0
MT,48,0.0
MU,48,0.0
MV,48,0.5993
MX,48,0.1479
MY,48,0.1265
MZ,48,0.7776
NA,48,0.9369
NC,48,0.0103
NE,48,0.0687
NG,48,1.0
NI,48,0.0035
NL,48,0.0
NO,48,0.2805
NP,48,0.8945
NZ,48,0.0213
OM,48,0.0921
PA,48,0.02
PE,48,0.9077
PF,48,0.0002
PG,48,0.9269
PH,48,0.8529
PK,48,0.0
PL,48,0.0
PM,48,0.1306
PT,48,0.0
PY,48,0.9902
QA,48,0.0
QR,48,0.6437
QS,48,0.9993
QV,48,0.9961
QW,48,0.0
RO,48,0.0
RU,48,0.9975
RW,48,0.3156
SA,48,0.0
SC,48,0.9859
SD,48,0.2433
SE,48,0.0007
SG,48,0.0004
SI,48,0.0
SK,48,0.0
SL,48,0.7477
SM,48,0.0
SN,48,0.3465
SR,48,0.0
SV,48,0.7304
SX,48,0.42
SY,48,0.7796
TD,48,0.1191
TG,48,0.2452
TH,48,0.0
TM,48,0.0038
TN,48,0.0
TR,48,0.9982
TT,48,0.9821
TW,48,0.409
TZ,48,0.514
UA,48,0.0
UG,48,0.8874
US,48,0.9929
UY,48,0.9936
UZ,48,0.9984
VC,48,0.6224
VE,48,0.908
VG,48,0.8792
VN,48,0.0001
XK,48,0.0161
XS,48,0.0004
YE,48,0.2971
ZA,48,0.8879
ZM,48,0.1184
ZW,48,0.698
AD,49,0.0
AE,49,0.0
AR,49,0.3568
AT,49,0.0
AU,49,0.2252
AZ,49,0.1394
BE,49,0.0003
BG,49,0.0
BH,49,0.0
BJ,49,0.6517
BO,49,0.3252
BR,49,0.0236
BY,49,0.5002
CA,49,0.9901
CF,49,0.4792
CH,49,0.993
CI,49,0.7385
CL,49,0.0983
CN,49,0.0
CO,49,0.2215
CR,49,0.0101
CU,49,0.5926
CY,49,0.0007
CZ,49,0.0
DE,49,0.0
DK,49,0.3978
DO,49,0.9977
DZ,49,0.0
EC,49,0.3408
EG,49,0.9937
ET,49,0.8027
FI,49,0.0
FR,49,0.0
GA,49,0.0
GB,49,0.0038
GE,49,0.8871
GH,49,0.7212
GI,49,0.8125
GN,49,0.9366
GQ,49,0.6245
GR,49,0.0
GT,49,0.9107
GU,49,0.0
HK,49,1.0
HN,49,0.407
HR,49,0.8774
HU,49,0.0
ID,49,0.3678
IE,49,0.0
IL,49,0.0
IN,49,0.0722
IQ,49,0.8999
IR,49,0.0
IS,49,0.8611
IT,49,0.0
JO,49,0.0404
JP,49,0.9994
KR,49,0.6511
KW,49,0.0
KY,49,0.8961
KZ,49,0.683
LB,49,0.0023
LI,49,0.4386
LT,49,0.0
LU,49,0.9791
LV,49,0.0
LY,49,0.7252
MA,49,0.0
MK,49,0.0459
ML,49,0.7147
MT,49,0.0122
MX,49,0.0
MY,49,0.2021
MZ,49,0.8549
NA,49,0.1714
NG,49,0.9897
NI,49,0.4288
NL,49,0.0
NO,49,0.6692
NZ,49,0.6006
OM,49,0.0203
PA,49,0.9663
PE,49,0.0131
PH,49,1.0
PK,49,0.3126
PL,49,0.0
PT,49,0.0
PY,49,0.9881
QA,49,0.0
QS,49,0.4398
RO,49,0.0
RU,49,0.0068
SA,49,0.0179
SE,49,0.0
SG,49,0.9912
SI,49,0.0
SK,49,0.0
SN,49,0.9992
SV,49,0.8477
TD,49,0.0
TH,49,0.9922
TR,49,0.0956
TW,49,0.3358
UA,49,0.0007
US,49,1.0
UY,49,0.8699
VE,49,1.0
VN,49,0.9833
XS,49,0.0002
YE,49,0.9213
AD,50,1.0
AE,50,0.0003
AF,50,0.4632
AG,50,0.4367
AL,50,0.5165
AM,50,0.4266
AO,50,0.0
AQ,50,0.7992
AR,50,0.0
AT,50,0.0
AU,50,0.0
AW,50,0.0651
AZ,50,0.0
BA,50,0.0
BB,50,0.0319
BD,50,0.0
BE,50,0.0
BF,50,0.8874
BG,50,0.9997
BH,50,0.0
BI,50,0.4546
BJ,50,0.7742
BL,50,0.2257
BN,50,0.2192
BO,50,0.0
BQ,50,0.6605
BR,50,0.9701
BS,50,0.0
BT,50,1.0
BW,50,0.0152
BY,50,0.0
CA,50,0.981
CD,50,0.3699
CF,50,0.0101
CG,50,0.7883
CH,50,0.0
CI,50,0.5125
CL,50,0.0
CM,50,0.1937
CN,50,0.0231
CO,50,0.8766
CR,50,0.8835
CU,50,1.0
CV,50,0.8444
CW,50,0.0001
CY,50,0.0
CZ,50,1.0
DE,50,0.2786
DJ,50,0.9381
DK,50,0.4604
DO,50,0.9977
DZ,50,0.0
EC,50,0.9937
EE,50,0.5595
EG,50,0.0
ER,50,0.0
ET,50,0.7319
FI,50,0.0
FJ,50,0.3027
FO,50,0.9363
FR,50,0.0
GA,50,0.1332
GB,50,0.0
GD,50,0.0
GE,50,0.0025
GH,50,1.0
GI,50,0.0
GL,50,0.0
GM,50,1.0
GN,50,1.0
GQ,50,0.5191
GR,50,0.9999
GT,50,0.9617
GU,50,0.7758
GW,50,0.9988
GY,50,0.0007
HK,50,0.0
HN,50,0.0
HR,50,0.3126
HT,50,0.9862
HU,50,1.0
ID,50,0.0051
IE,50,0.9319
IL,50,0.0
IN,50,0.4255
IQ,50,0.8091
IR,50,0.1923
IS,50,0.0
IT,50,0.0
JM,50,0.0826
JO,50,0.024
JP,50,0.9999
KE,50,0.6457
KG,50,0.9592
KH,50,0.9461
KP,50,0.6257
KR,50,0.9888
KW,50,0.0265
KY,50,0.1934
KZ,50,0.0002
LB,50,0.0
LC,50,0.0269
LI,50,0.4484
LK,50,0.0
LR,50,0.9954
LT,50,0.0
LU,50,0.0159
LV,50,0.0
LY,50,0.3234
MA,50,0.0
MD,50,0.0036
ME,50,0.0034
MG,50,0.7825
MK,50,0.9705
ML,50,0.9962
MM,50,0.3186
MN,50,0.0064
MO,50,0.524
MR,50,0.9996
MT,50,0.0003
MU,50,0.0842
MV,50,0.2264
MX,50,0.0026
MY,50,0.0082
MZ,50,0.9512
NA,50,0.4137
NC,50,0.3248
NE,50,0.0769
NG,50,0.9825
NI,50,0.9498
NL,50,1.0
NO,50,0.0
NP,50,0.1554
NZ,50,0.0
OM,50,0.2281
PA,50,1.0
PE,50,0.0
PF,50,0.2994
PG,50,0.0
PH,50,0.9849
PK,50,0.9958
PL,50,0.0
PS,50,0.7591
PT,50,1.0
PY,50,0.0012
QA,50,0.0
QR,50,0.9264
QS,50,0.5566
QV,50,0.9036
QW,50,0.9561
RO,50,1.0
RU,50,0.0
RW,50,0.9109
SA,50,0.0
SC,50,0.8175
SD,50,0.0
SE,50,0.0
SG,50,0.0
SI,50,0.9996
SK,50,0.6076
SM,50,0.0
SN,50,0.9969
SO,50,0.1786
SR,50,0.0004
SV,50,0.0493
SX,50,0.5207
SY,50,0.7214
TG,50,0.7038
TH,50,0.0815
TK,50,0.0
TL,50,0.3515
TM,50,0.0023
TN,50,0.0
TR,50,0.0
TT,50,0.9967
TW,50,0.8319
TZ,50,0.7261
UA,50,0.0
UG,50,0.0468
UM,50,0.0
US,50,0.9121
UY,50,0.0001
UZ,50,0.0054
VA,50,0.3396
VE,50,0.4112
VI,50,1.0
VN,50,0.2778
VU,50,0.0038
XK,50,0.0034
XS,50,0.0171
YE,50,0.3199
ZA,50,0.0
ZM,50,0.232
ZW,50,0.897
